EFFECTIVE,STATUS,ULURPNO,LUCATS,PROJECT_NAME,Shape_Length,Shape_Area
2021-11-23 00:00:00+00:00,Adopted,210192zmq,210192,185-17 Hillside Ave Rezoning,1700.908241690355,119892.06114423966
2025-07-14 00:00:00+00:00,Adopted,250115zmm,250115,One45 for Harlem,1888.624251144981,122300.74962566173
2022-04-28 00:00:00+00:00,Adopted,210031zmk,210031,1377 Sutter Avenue Rezoning,564.7206173998611,19683.94801405167
2022-11-22 00:00:00+00:00,Adopted,220414zmq,220414,79-18 164th Street Rezoning,866.6235853038627,45597.29357460284
2021-11-23 00:00:00+00:00,Adopted,210253zmk,210253,Glenmore Manor,1469.901975180053,78044.95503182843
2024-03-19 00:00:00+00:00,Adopted,230255zmk,230255,Jennings Hall Expansion ,1180.3670550628328,73957.19418584672
2023-12-20 00:00:00+00:00,Adopted,220426zmr,220426,541-545 Bay Street,1106.5311700100779,69850.7405939212
2022-07-14 00:00:00+00:00,Adopted,210234zmq,210234,11th Street & 34th Avenue Rezoning,1800.8533707874853,161954.9511076889
2024-08-15 00:00:00+00:00,Adopted,240131zmk,240131,3033 Avenue V Rezoning,826.7396227802678,38966.47961830572
2022-10-12 00:00:00+00:00,Adopted,210174zmk,210174,2080 McDonald Avenue Rezoning,906.5532206423304,49649.538888873896
2023-02-02 00:00:00+00:00,Adopted,210332zmk,210332,446-448 Park avenue Rezoning,744.6706909105942,29412.792084365046
2025-05-28 00:00:00+00:00,Adopted,250014zmk,250014,Atlantic Avenue Mixed-Use Plan,16904.631629484385,3152423.4288760545
2024-09-26 00:00:00+00:00,Adopted,210340zmq,210340,2390 McDonald Avenue Rezoning,799.7803904271492,36821.083435832705
2024-10-10 00:00:00+00:00,Adopted,230022zmq,230022,31-17 12th Street Rezoning,930.9511170357409,51289.69951713165
2021-10-21 00:00:00+00:00,Adopted,200070zmq,200070,62-04 Roosevelt Ave Rezoning,1125.2944233033238,60775.16339424782
2025-03-26 00:00:00+00:00,Adopted,240403zmx,240403,581 Grant Avenue Development,1460.147222915103,95738.40442425101
2025-04-24 00:00:00+00:00,Adopted,250037zmk,250037,Brownsville NCP,1121.991162435152,58601.577657039015
2023-03-16 00:00:00+00:00,Adopted,220306zmx,220306,521 East Tremont Avenue Rezoning,1046.1020716418443,67374.94378661025
2025-08-14 00:00:00+00:00,Adopted,250050zmk,250050,47 Hall Street Rezoning,2006.1614126977088,192607.06159701684
2023-04-27 00:00:00+00:00,Adopted,230006zmq,230006,245-06 South Conduit Avenue Commercial Overlay,1212.697457973691,43771.3834957276
2025-08-14 00:00:00+00:00,Adopted,250151zmm,250151,Lenox Hill Hospital,1212.0062469063487,90143.38524597988
2023-05-11 00:00:00+00:00,Adopted,210317zmq,210317,23-10 Queens Plaza South REzoning & Special Permit,1068.2049100293905,70976.97595709239
2024-04-18 00:00:00+00:00,Adopted,230051zmk,230051,41 Richards Street Rezoning,823.749469805589,39372.84815969392
2022-06-02 00:00:00+00:00,Adopted,210299zmk,210299,840 Lorimer Street Rezoning,802.7355825818536,35259.87756353841
2024-04-18 00:00:00+00:00,Adopted,230337zmk,230337,341 10th Street Rezoning,1511.1216380873554,95396.18918554398
2022-06-16 00:00:00+00:00,Adopted,200335zmk,200335,98 Third Avenue,834.5641776350681,38130.31531851034
2023-12-06 00:00:00+00:00,Adopted,230010zmk,230010,534 Coney Island Avenue,891.5894027600114,44494.50173868872
2024-11-21 00:00:00+00:00,Adopted,230182zmk,230182,Brooklyn Yards,3760.944402765528,170198.34977454392
2022-10-27 00:00:00+00:00,Adopted,210348zmq,210348,Ninth Street Rezoning,1118.0163814242846,56037.573506044864
2022-02-24 00:00:00+00:00,Adopted,210285ZMK,210285,749 Van Sinderen Avenue Rezoning,898.1120127965604,37070.02115624197
2025-07-14 00:00:00+00:00,Adopted,240399zmk,240399,109 Marcus Garvey Boulevard LSGD,1914.5400899916056,185706.71060043114
2021-11-23 00:00:00+00:00,Adopted,210276zmk,210276,1045 Atlantic Avenue,1037.230119284649,60849.47807836802
2024-03-19 00:00:00+00:00,Adopted,240030zmk,240030,Brownsville Arts Center and Apartments,1197.7539968777912,87765.03452706023
2025-06-11 00:00:00+00:00,Adopted,230309zmk,230309,73-99 Empire Boulevard Rezoning,1042.1996597689067,62901.43626235465
2025-01-23 00:00:00+00:00,Adopted,240363zmq,240363,Gleason Funeral Home Commercial Overlay,928.9970897555207,53004.97176288531
2023-09-28 00:00:00+00:00,Adopted,230291zmx,230291,1460-1480 Sheridan Boulevard,2878.5503887738478,331874.5513067238
2021-11-23 00:00:00+00:00,Adopted,210177zmk,210177,Gowanus Neighborhood Plan,29699.816331114467,8627884.258996513
2021-12-09 00:00:00+00:00,Adopted,200299zmq,200299,Beach 79 Self Storage Rezoning,1494.0965251481148,125905.58226044856
2022-09-29 00:00:00+00:00,Adopted,210394zmq,210394,231-06 Northern Boulevard Commercial Overlay,1831.5154481494633,133903.4853420114
2021-12-15 00:00:00+00:00,Adopted,210462zmk,210462,Brooklyn Navy Yard,15595.730987579145,11835745.6317096
2021-10-21 00:00:00+00:00,Adopted,190260zmq,190260,48-18 Van Dam Street Rezoning ,1433.093038745277,116080.56208882635
2025-07-14 00:00:00+00:00,Adopted,230064zmk,230064,North 7th Street Rezoning,925.38080974521,43391.90643204152
2021-10-21 00:00:00+00:00,Adopted,210324zmm,210324,495 Eleventh Ave (Slaughterhouse),853.8040576411865,43798.918652161694
2024-03-19 00:00:00+00:00,Adopted,230306zmq,230306,21-17 37th Avenue Rezoning,853.5276493355443,37456.22817173053
2022-04-07 00:00:00+00:00,Adopted,210213zmq,210213,97-04 Sutphin Boulevard Rezoning,715.3996515530804,26080.877396563592
2021-11-23 00:00:00+00:00,Adopted,210351zmm,210351,New York Blood Center,1615.8839324346575,140581.586124978
2022-12-07 00:00:00+00:00,Adopted,220429zmk,220429,Livonia4,808.7249952762775,36226.8979214086
2021-11-10 00:00:00+00:00,Adopted,210339zmx,210339,Morris Avenue Rezoning,490.0141577709717,12250.348269442595
2021-10-21 00:00:00+00:00,Adopted,210025zmq,210025,Broadway and 11th Street Rezoning,1173.91510307493,84586.27134219799
2024-02-08 00:00:00+00:00,Adopted,230091zmq,230091,Whitestone Lanes Rezoning,1778.5098265082224,118685.22510257209
2025-05-28 00:00:00+00:00,Adopted,230128zmk,230128,210 Coney Island Avenue Rezoning,1034.5181671333553,57282.192903846684
2022-08-11 00:00:00+00:00,Adopted,220220zmm,220220,The Lirio/MTA Site - 806 9th Avenue,1675.1310601397445,125654.93437169582
2023-09-28 00:00:00+00:00,Adopted,220456zmr,220456,125 Greaves Lane,1348.7395115252814,74305.38361559299
2021-12-09 00:00:00+00:00,Adopted,210200zmq,210200,31st Street and Hoyt Ave. Rezoning,2400.7370176815775,148075.69419205308
2022-06-02 00:00:00+00:00,Adopted,200246zmq,200246,146-93 Brewer Blvd. Rezoning,846.5927913634125,39155.620302715826
2023-05-11 00:00:00+00:00,Adopted,220283zmx,220283,2560 Boston Road Rezoning,1431.483923916729,91146.72894676312
2021-12-09 00:00:00+00:00,Adopted,210041zmm,210041,45-20 83rd Street Rezoning,1197.631659017121,67716.93470660344
2025-09-25 00:00:00+00:00,Adopted,240252zmk,240252,1946 East 7th Street Rezoning,509.69303858626927,15503.29676344502
2022-07-14 00:00:00+00:00,Adopted,200228zmx,200228,4541 Furman Avenue Rezoning,1562.2441229720562,135133.9432998996
2024-03-07 00:00:00+00:00,Adopted,230289zmk,230289,230 Kent Avenue Rezoning,474.8710347751458,12427.737914752743
2021-12-09 00:00:00+00:00,Adopted,210119zmk,210119,506 Third Avenue,1318.8453857690024,72601.81886625613
2025-03-26 00:00:00+00:00,Adopted,240186zmq,240186,123-12 Sutphin Boulevard Rezoning,1583.587361914672,67515.52967609173
2025-02-13 00:00:00+00:00,Adopted,240342zmm,240342,455 First Avenue,1161.4682522697203,82640.9878871032
2025-08-14 00:00:00+00:00,Adopted,240275zmk,240275,347 Flushing Avenue Rezoning,1199.0028713521253,62830.77089155175
2022-10-12 00:00:00+00:00,Adopted,220133zmq,220133,78-46 Metropolitan Avenue Rezoning,422.6743927465251,10179.453184970589
2021-11-10 00:00:00+00:00,Adopted,200296zmk,200296,1776 48th Street,728.8231336624112,27302.792743473536
2025-09-10 00:00:00+00:00,Adopted,240278zmx,240278,5602-5604 Broadway Rezoning,1236.9040137852053,92941.17933966158
2021-11-10 00:00:00+00:00,Adopted,210151zmk,210151,270 Nostrand Avenue Rezoning ,1093.2695217861533,74681.07958635218
2025-08-14 00:00:00+00:00,Adopted,240223zmq,240223,42-11 30th Avenue Rezoning,903.3663939548012,49853.71344812844
2021-10-07 00:00:00+00:00,Adopted,200203zmm,200203,2840 Knapp Street Rezoning ,1408.7292620156072,114946.22300247599
2023-02-02 00:00:00+00:00,Adopted,220274zmq,220274,Reform Temple of Forest Hills Rezoning,937.4817233537283,54146.05425216118
2024-03-19 00:00:00+00:00,Adopted,230241zmm,230241,East 94th Street Rezoning,983.944986148309,47301.35046666596
2025-03-12 00:00:00+00:00,Adopted,240386zmm,240386,The Beacon,987.3564350459084,60602.91540331539
2024-08-15 00:00:00+00:00,Adopted,240072zmk,240072,197 Berry St Rezoning,1186.1252749151242,61490.52171050871
2023-01-19 00:00:00+00:00,Adopted,220250zmq,220250,97-27 57 Avenue Commercial Overlay,967.5189238692338,54459.732890970234
2024-04-18 00:00:00+00:00,Adopted,240075zmq,240075 ,80-01 Broadway Commercial Overlay,1030.0536744739886,52234.77928667204
2024-09-26 00:00:00+00:00,Adopted,220080zmk,220080,150 Mill Street Rezoning,1069.6964831828898,41680.48121481154
2022-12-07 00:00:00+00:00,Adopted,220429zmk,220429,Livonia4,2050.5528942293504,131820.93804427836
2022-06-02 00:00:00+00:00,Adopted,210391zmx,210391,1930 Adee Avenue Rezoning,715.5258971559359,27573.109003851052
2022-05-19 00:00:00+00:00,Adopted,220050zmq,220050,35-01 Vernon Boulevard Rezoning,955.4434843658048,56484.683713954175
2023-05-25 00:00:00+00:00,Adopted,230052zmq,230052,61-10 Queens Blvd Rezoning,2532.3997431260705,253845.74011787155
2021-12-15 00:00:00+00:00,Adopted,210164zmq,210164,103-16 Van Wyck Expressway Rezoning,882.7208157436028,34941.36123214984
2024-08-15 00:00:00+00:00,Adopted,230258zmk,230258,712 Myrtle Avenue,774.8132163427499,33982.89595800231
2022-07-14 00:00:00+00:00,Adopted,200317zmk,200317,41 Summit Street,321.7725014740786,3829.682142444528
2025-02-13 00:00:00+00:00,Adopted,240104zmx,240104,438 Concord Avenue Rezoning,875.3888564057935,45992.14119440621
2025-02-13 00:00:00+00:00,Adopted,240369zmm,240369,SPARC Kips Bay,2488.2477184742193,278879.88860796846
2022-11-22 00:00:00+00:00,Adopted,220312zmk,220312,Innovation Urban Village (ENY CCC),3534.898842855444,567469.7490767015
2022-02-24 00:00:00+00:00,Adopted,210189zmq,210189,99-07 Astoria blvd. Rezoning,952.6461406595768,42756.04954341409
2023-10-05 00:00:00+00:00,Adopted,230012zmq,230012,42-18 31st Ave Rezoning,1412.3407302984206,96486.56180330754
2024-10-23 00:00:00+00:00,Adopted,230206zmm,230206,135th Street Rezoning,1035.129543017841,44579.400534234366
2021-12-15 00:00:00+00:00,Adopted,220062zmk,220062,Ring River,3200.644794856353,508478.6479886279
2023-05-25 00:00:00+00:00,Adopted,220470zmk,220470,Paperific Rezoning,1520.6350161758057,103371.66355964034
2021-10-07 00:00:00+00:00,Adopted,200306zmk,200306,307 Kent Ave,1102.6687853946553,74829.54550142364
2024-08-15 00:00:00+00:00,Adopted,230293zmk,230293,500 Kent Avenue,1621.2513031575509,137761.17436323315
2022-08-11 00:00:00+00:00,Adopted,220203zmx,220203,1810 Randall Avenue,894.7221064355897,48733.083921440884
2021-12-15 00:00:00+00:00,Adopted,210166zmk,210166,79 Quay Street Rezoning,745.5565966072577,30906.067319018617
2024-04-11 00:00:00+00:00,Adopted,230381zmk,230381,396-400 Avenue X Rezoning,804.4439811437385,36962.99574704831
2025-06-30 00:00:00+00:00,Adopted,240184zmk,240184,Grace Houses,1847.1654494825973,103284.06280472635
2022-04-28 00:00:00+00:00,Adopted,210098zmk,210098,1220 Avenue P Rezoning,1157.8580867356668,68108.80067352451
2021-10-21 00:00:00+00:00,Adopted,210278zmk,210278,130 St. Felix Street ,1258.2633141925442,84730.37423951409
2022-04-28 00:00:00+00:00,Adopted,210335zmk,210335,870-888 Atlantic Avenue Rezoning,1086.6777196526805,67021.6973313772
2022-07-14 00:00:00+00:00,Adopted,210128zmq,210128,77-39 Vleigh Place Rezoning,1019.8883778349964,54915.4128123068
2022-04-14 00:00:00+00:00,Adopted,210161zmq,210161,98-81 Queens Blvd.,1184.0031033522464,73946.3389349374
2024-08-15 00:00:00+00:00,Adopted,240015zmx,240015,Bronx Metro-North Station Area Study,31251.613290055655,5376520.06390281
2022-04-28 00:00:00+00:00,Adopted,210321zmx,210321,Our Lady of Pity - 272 East 151st Street,1202.7755489082845,82375.45951170215
2022-04-28 00:00:00+00:00,Adopted,220111zmk,220111,Fulton Street Daycare & Senior Housing Rezoning,574.2863942845723,18660.69622150765
2024-04-11 00:00:00+00:00,Adopted,230307zmq,230307,23-01 Steinway Street Rezoning,1110.1582832573204,77024.79480623032
2022-09-14 00:00:00+00:00,Adopted,220171zmx,220171,1959 Strang Ave.,539.5082371611427,18161.21407477857
2021-10-07 00:00:00+00:00,Adopted,180395zmq,180395,106-02 Rockaway Beach Blvd. Rezoning,1802.9037386576183,159319.99816113067
2023-11-02 00:00:00+00:00,Adopted,220453zmk,220453,703 Myrtle Ave Rezoning,774.0309437161299,33828.667330230135
2024-05-16 00:00:00+00:00,Adopted,200310zmk,200310,1289 Atlantic Avenue,1586.5161260229802,121422.524660561
2023-08-03 00:00:00+00:00,Adopted,230001zmk,230001,7120 New Utrech Avenue Rezoning,897.1455138898968,40221.902720998994
2024-05-16 00:00:00+00:00,Adopted,230146zmk,230146,281-311 Marcus Garvey Blvd.,1350.8880061638383,74437.71558598016
2024-09-26 00:00:00+00:00,Adopted,240237zmm,240237,MSK Pavilion,922.9064321271792,52423.53138949908
2022-11-22 00:00:00+00:00,Adopted,220364zmq,220364,Innovation QNS Rezoning and LSGD,3705.711205357139,796796.5317400104
2021-11-23 00:00:00+00:00,Adopted,200314zmk,200314,824 Metropolitan Avenue Rezoning,800.3508269636368,34865.956736633474
2023-05-25 00:00:00+00:00,Adopted,210283zmq,210283,26-50 Brooklyn Queens Expressway,1337.2206626505265,100842.1799108718
2024-07-18 00:00:00+00:00,Adopted,230276zmq,230276,5875 Queens Midtown Expressway Rezoning,2674.7573512243744,288909.07121988677
2022-04-28 00:00:00+00:00,Adopted,210386zmk,210386,1034 - 1042 Atlantic Avenue Rezoning,974.7974744715935,53025.32833893913
2025-06-11 00:00:00+00:00,Adopted,230378zmk,230378,166 Kings Highway Rezoning,937.4215614298217,52361.744980787276
2024-07-18 00:00:00+00:00,Adopted,220185zmq,220185,27-24 College Point Boulevard Commercial Overlay,634.9070786707815,21392.78186787343
2025-02-13 00:00:00+00:00,Adopted,240311zmq,240311,122-03 14th Avenue ,776.4402556479215,32724.002697890424
2021-11-23 00:00:00+00:00,Adopted,210480zmm,210480,Cooper Park Commons,2127.948284435645,276537.8949088135
2022-12-07 00:00:00+00:00,Adopted,220188zmk,220188,280 Bergen Street Rezoning ,2009.772436873658,140998.2326145186
2024-09-26 00:00:00+00:00,Adopted,230250zmq,230250,21st Street Rezoning,1347.7253948556643,80551.57913882937
2025-08-14 00:00:00+00:00,Adopted,250185zmm,250185,Midtown South Mixed-Use Plan (MSX),23833.025556573306,6314737.596232709
2025-05-01 00:00:00+00:00,Adopted,240250zmq,240250,102-51 Queens Boulevard Rezoning,1063.9793330381744,67032.76757162699
2023-04-27 00:00:00+00:00,Adopted,200232zmq,200232,25-46 Far Rockaway Blvd,745.6631352162711,28729.41709113379
2023-08-03 00:00:00+00:00,Adopted,230041zmq,230041,Ocean Crest Rezoning,1457.3560590121879,100428.78333780392
2021-11-10 00:00:00+00:00,Adopted,210289zmr,210289,River North (Liberty Towers),2094.501269672701,214499.2021399384
2022-07-14 00:00:00+00:00,Adopted,210375zmm,210375,Wetherole Street and 67th Avenue Rezoning,670.0564474631251,26576.555825414798
2024-07-18 00:00:00+00:00,Adopted,230351zmk,230351,2118 Avenue U Rezoning,891.6077552934106,48364.579509587515
2022-02-24 00:00:00+00:00,Adopted,210239zmk,210239,2134 COYLE STREET REZONING,1270.4875034876727,68034.74828684876
2024-04-11 00:00:00+00:00,Adopted,230126zmq,230126,30-11 12th Street Rezoning,1402.4251826092313,104023.48951439043
2025-08-14 00:00:00+00:00,Adopted,250030zmk,250030,236 Gold Street Rezoning,521.591983658926,16974.450032053843
2025-05-28 00:00:00+00:00,Adopted,240294zmk,240294,2201-2227 Neptune Avenue,1284.4405917558083,104158.55204661148
2023-08-03 00:00:00+00:00,Adopted,210314zmk,210314,1160 Flushing Avenue,1119.7080035227189,76247.99371510479
2022-02-24 00:00:00+00:00,Adopted,200329zmk,200329,2892 Nostrand Ave Rezoning ,1318.7194804705587,79679.1346097515
2022-10-12 00:00:00+00:00,Adopted,220169zmq,220169,40-25 Crescent Street Rezoning,1182.577379775528,86104.53687360429
2024-10-10 00:00:00+00:00,Adopted,240328zmq,240328,South Jamaica Gateway Rezoning,1210.9494883018865,62168.702588032
2025-02-13 00:00:00+00:00,Adopted,230248zmk,230248,2185 Coyle Street,1831.655647884451,174966.57475311798
2022-10-12 00:00:00+00:00,Adopted,220007zmx,220007,Bruckner Sites Rezoning,4283.36738689616,376210.80917849636
2023-05-25 00:00:00+00:00,Adopted,220267zmq,220267,141-05 109th Avenue Rezoning,1185.2111108042366,62127.58368859513
2022-05-19 00:00:00+00:00,Adopted,200358zmk,200358,2300 Cropsey Avenue Rezoning,1378.0611233048212,106689.93688903716
2022-09-29 00:00:00+00:00,Adopted,220196zmq,220196,Halletts North,1930.706641413285,211576.27402570008
2025-03-12 00:00:00+00:00,Adopted,250046zmq,250046,Queens Future Zoning Map Change,6517.212770206767,2462671.6575129284
2021-12-15 00:00:00+00:00,Adopted,210422zmm,210422,SoHo/NoHo,15376.22968155306,6373080.515977451
2025-02-27 00:00:00+00:00,Adopted,240280zmk,240280,441 & 467 Prospect Avenue Rezoning,1404.2811286355402,100158.40423455392
2021-12-09 00:00:00+00:00,Adopted,210408zmm,210408,Starrett Lehigh + Warehouse Terminal Rezoning,2544.7155386677405,386969.2924824655
2023-09-14 00:00:00+00:00,Adopted,220334zmx,220334,893 Eagle Avenue Rezoning,547.2665289639925,18531.531733974713
2024-10-10 00:00:00+00:00,Adopted,230354zmk,230354,250 86th Street Rezoning,691.9536259517982,29296.347666698886
2024-02-08 00:00:00+00:00,Adopted,230344zmm,230344,2226 Third Avnue,419.9102038454373,7998.447308785518
2023-07-13 00:00:00+00:00,Adopted,220285zmk,220285,1656 West 10th Street Rezoning,781.3156187294755,33400.53564335852
2024-05-16 00:00:00+00:00,Adopted,230323zmk,230323,817 Avenue H Rezoning,888.3578441362938,47857.37558472085
2024-11-21 00:00:00+00:00,Adopted,230356zmk,230356,962-972 Franklin Avenue Rezoning,1139.2768763116858,74482.94997466005
2025-07-14 00:00:00+00:00,Adopted,250148zmm,250148,Carmen Villegas Apartments - Senior Housing,1047.094489184741,68508.02052457983
2025-05-28 00:00:00+00:00,Adopted,240406zmk,240406,19 Maspeth Avenue Rezoning,996.032526725523,46256.09553902729
2023-09-28 00:00:00+00:00,Adopted,200101zmk,200101,2761 Plumb 2nd Street Rezoning ,1270.1352703211735,68275.0337976241
2023-12-06 00:00:00+00:00,Adopted,220438zmk,220438,Belmont Osborn Rezoning,928.4169418604862,53058.719256956196
2022-07-14 00:00:00+00:00,Adopted,220232zmq,220232,Resilient Edgemere Community Plan,11850.8695081685,2458470.3713964853
2022-06-02 00:00:00+00:00,Adopted,210312zmk,210312,103 Lee Avenue,535.4377756257197,17911.638838147384
2021-10-21 00:00:00+00:00,Adopted,210361zmr,210361,252 Victory Boulevard,1088.3418383391104,64106.06810004006
