recipient_uei,2022,2023,2024,2025
C1AWH1TEXFE3,1500000,3000000,2500000,4000000
C1BGPSHYXF68,3500000,0,5680000,0
C1K7KALMJFH6,2500000,0,0,0
C44HCGPPBUG6,0,1000000,0,0
C4N9KHJ54KS3,1000000,0,0,0
C5VBTVSJ9143,5000000,0,-5000000,0
C7D9D7NYTPT7,1500000,2000000,0,2000000
C876SV494GH7,0,0,2000000,0
C8CHR3N985M8,2000000,2000000,5000000,0
C8H9CNG1VBD9,0,15000000,0,15000000
C9C8A3PFFGG8,4500000,5000000,7000000,7500000
CCQFCDCQ3T73,2000000,1500000,0,0
CEPXT2CU75D3,1000000,1000000,2500000,0
CG93MBCKGSP1,4400000,0,5000000,0
CHT4BZKWNSF3,2500000,3000000,2500000,0
CHYTHNS5Y4V5,1000000,0,0,0
CJT1UKD5AZK1,1000000,0,0,1500000
CKH8N1ULLBF9,3000000,0,0,0
CKKRFUJ9B2P9,2000000,2000000,2000000,0
CLHDYRB9PBB9,1000000,0,0,0
CM3GMLVLL1N7,1000000,1000000,0,0
CMG2VHF4NDG2,2000000,3000000,3000000,2000000
CNTBT8MNVC31,5000000,5000000,6000000,5000000
CP57NMXBVZ76,3000000,4000000,4500000,0
CPAGCC7BZZX5,1000000,1000000,1000000,0
CPL4AAWNV3K5,2500000,1000000,4000000,0
CPWKDFNWBKK1,1000000,0,0,0
CQLNZTAFSTL6,6000000,1500000,2500000,0
CQPTYVDE89Q3,7500000,6000000,6500000,7000000
CRG1B58DXG64,18000000,4500000,7500000,6000000
CVHFS4SK1BF1,2000000,3000000,3000000,0
CVVQSE8286N5,17900000,0,7500000,0
CWJFMLJVR6Z1,0,1000000,0,0
CWKJPLKD1544,1000000,2500000,0,0
CXMMMZA35VA9,2500000,0,2500000,0
CY91NFND6144,0,2500000,0,0
CYSYLB4MZ2Q8,1000000,0,0,2000000
D1BNPZQZZDW4,2200000,0,0,2400000
D1KBKARJB351,1000000,1000000,0,0
D2MVJWP4V2W7,4000000,4000000,3000000,0
D2W6GK233R78,2000000,2000000,6000000,0
D3HDZKRNLS63,1000000,0,0,0
D4ATTB1MH9C3,1500000,0,2000000,1500000
D5JDMK21KAB5,0,3000000,4000000,0
D6KCRYE96DT9,1000000,0,0,0
D6PNCALMUSM1,0,3000000,2500000,5000000
DAX3RJBRNZJ3,0,0,5000000,0
DBM1C8MDJ5L3,0,0,7000000,-385815
DD5CLF75P924,1500000,1000000,2000000,0
DD5RDRMJMFR5,1500000,2000000,2300000,0
DDJ9JDJ7LAY3,2000000,3000000,3500000,0
DE49MTY21EJ8,0,2500000,4500000,0
DEAXRKGQQTZ8,1500000,2000000,0,0
DEV1MZHMNZ45,0,0,0,1000000
DF9JAM815C18,0,0,2500000,2500000
DFULKNVMSVC9,0,1000000,1000000,2000000
DGHJB1LLK4U6,1500000,0,2000000,0
DGK7S8ZFNBC3,2000000,1000000,1500000,1250000
DGYFH5EHK5L4,0,4000000,4000000,0
DHJ6MWMNEH38,4000000,3000000,3000000,4500000
DHJMWD6SN9P5,10000000,0,0,0
DJ22BPVMXMM9,1500000,0,0,0
DKLQATMM97Q1,1000000,1000000,0,0
DKTQBKJJUX95,1000000,0,0,0
DLDWW11PX7W1,2000000,0,3000000,0
DLERZDGK1JS5,0,0,1000000,0
DMKYK7YEDH15,2000000,2000000,2500000,2000000
DN79MXHMREB9,0,3500000,0,4000000
DQ5QW4T2MH76,0,1500000,1500000,0
DQNYU3NLNAZ8,2000000,2000000,2500000,5000000
DQQJXPN66C67,-350880,0,0,0
DSGPYZ542E21,0,4500000,0,0
DTWFLXJPBL39,1000000,1500000,0,0
DUJBHZV1D6N8,3500000,4000000,0,6000000
DUKMR2JRTGX5,0,1500000,2500000,0
DWZ3QL4F5EL5,0,1000000,0,1500000
DYLXAY23GFH7,0,4500000,5000000,0
DYWDUJU7TV46,4000000,0,5000000,0
DZJ5BYTDS715,0,0,5000000,0
DZNDR88NKWT3,3000000,2500000,2000000,0
E16TKDG7D9E7,2500000,0,-2500000,0
E1NDU1NL4QN1,0,0,2000000,0
E1QVJKBSLML4,4000000,2500000,3000000,2500000
E1W5TFYLLKE5,0,1000000,0,0
E2QPBMYN7YZ4,5000000,2000000,3000000,0
E45VG5J91LH7,2000000,0,2500000,0
E54DK8YFNUY1,1000000,0,0,0
E6G3KDRU8R65,0,0,0,2000000
E7S2Q4L89F44,0,3000000,0,0
E89VMGHPKHE4,-100000,1000000,0,0
E9H5WYSFSD44,0,0,4500000,0
E9NGXVHGJZ99,2000000,4500000,4000000,0
EAMPKF27DMG7,11500000,6500000,7500000,6500000
EB9CDLFMLLK6,2000000,0,3000000,0
EBCABCDQJE45,4000000,3000000,0,0
EBJHSK1D6JA5,0,0,2000000,2500000
EEGZYRKT48N5,0,0,0,3500000
EF3ZKNWE9TC6,0,0,1000000,0
EF4UYM689CN5,5000000,0,3000000,0
EF9BCN8PHLJ6,1500000,2500000,0,0
EFCHAWPJB7L7,10500000,4000000,7000000,9100000
EJ5GXJ9NKWQ3,1000000,1000000,0,0
EJABWGUJM228,999966,2000000,2000000,-5120
EJEKQUUMSKB3,2000000,1000000,0,0
EK47RAJAKPL3,1000000,1000000,1500000,0
EK93EZLLBSC4,0,2000000,0,0
EL7EBDCF4N55,0,0,1000000,0
EL8QENMLNRR9,0,0,0,3000000
ELF3BKAM6VE6,2500000,2500000,0,0
ELJQM44W6LF4,3500000,3500000,3500000,0
EMATMVBVRTE1,0,4000000,7860000,0
EMV3XFRS8366,0,1000000,0,1500000
ENXFSQHDWYE5,2000000,2500000,2000000,0
EPLMMZVH66M7,1500000,0,0,3000000
EPV9SCPHGW67,5000000,7000000,7500000,0
EQKBNZQWMVM1,2500000,1500000,5000000,0
EQPRAJ6LMGX5,14000000,6000000,5000000,0
EUJAL1LPB648,1000000,3500000,3500000,0
EVM4EDKDCRA5,1000000,3500000,0,0
EVQDM7JUFM69,3500000,3500000,4000000,0
EXAMY1XDXXE3,1000000,0,0,0
EXUHLW5X8MC6,1000000,1000000,4000000,0
EZ6BEKKDYJX9,0,1500000,0,0
EZNBGE6N1MW6,2500000,2500000,3000000,0
F161GNSK2G13,2500000,3000000,3000000,0
F21HBFKY53G3,0,0,0,1000000
F2HKR2HC4NN7,0,1000000,0,0
F2JUMVPRKE68,15000000,2000000,2000000,0
F337M6HC2YH4,2500000,0,0,0
F3TKQHNAHR85,3500000,3500000,4000000,4000000
F4N1QNPB95M4,1500000,1500000,0,1500000
F5GKTSNJCY83,0,0,3000000,0
F5MEAKBS4HY6,0,0,2500000,0
F5VNGNSUJ2K6,0,1500000,0,0
F7KYACUN9DJ3,0,1000000,0,0
F8JLF7H5MYS6,1000000,2000000,2000000,0
FAC1LLNMMNU9,0,1000000,0,0
FAKBLMCV6QY1,4500000,5000000,7500000,5000000
FDGYFBLDGB91,2000000,3000000,3000000,0
FDUYNMJQY6S3,0,2000000,2000000,0
FFK9UGZ6MKH5,0,1000000,0,0
FGFQYZY17CG6,2000000,4500000,3000000,0
FK3SDK7FFL69,3000000,4500000,3000000,0
FKPURM9NU5K2,0,0,2500000,0
FL43Q19L6XJ1,2000000,3000000,3000000,0
FLPCA5JDBDL4,12000000,7450000,10500000,7500000
FLWMM3FUEEE7,3000000,3500000,5000000,0
FM9LJU324K44,2500000,0,3000000,0
FMMAVC4NEJ74,0,1000000,0,0
FNNSBLQY63A9,6000000,5500000,5000000,0
FQM5KU8FQ5L6,2000000,2000000,4500000,2000000
FQM9CK4SJ3E3,15000000,0,0,0
FR7QFLHN4SS9,0,2000000,0,0
FRN2HYFTB3L1,8000000,0,3500000,3000000
FRTUHJXMNF19,0,2500000,0,2000000
FRWSYX8AKMB9,0,2000000,2500000,0
FRX3M5FTXR83,3500000,3000000,4500000,0
FSEADMM6DJB3,5000000,7500000,10000000,0
FSG5QXKGH551,3000000,3000000,3000000,0
FW3HK6SU92E7,0,1000000,0,0
FWNBKLLEPF38,1000000,1000000,0,0
FXGJNS88RA64,2000000,2500000,0,0
FXZAF5532YK8,0,0,2000000,0
FZC7KJ8EB316,1000000,0,0,0
FZJRLJKDDFD9,1000000,0,0,0
G11JPFEHG5R8,15000000,0,0,0
G2FAKMQPRRY7,1000000,1000000,0,0
G2X7MJXN2XJ8,1000000,2000000,0,0
G4CKJB8JB684,3000000,1500000,0,0
G4FCMJ3JRPU5,2000000,3000000,0,0
G4XNEZXDQ915,4000000,5100000,2500000,0
G579JKWYKMM1,0,1000000,0,-500000
G594S5BDFGW8,1000000,0,1000000,0
G6UZP4CBPB94,2000000,3000000,4000000,0
G6Z2M848Z3Q9,1500000,2000000,1500000,2500000
G744TBND8QQ5,0,1000000,1000000,0
G7U1F17K47E9,0,0,1000000,0
G7Z5R2W6ESV4,14000000,2000000,2500000,0
G8AGNK7XEW26,1000000,0,0,0
G8HDW28K1844,2000000,6000000,3000000,0
G8STMUCK41Y5,0,0,0,2000000
G95DMYPTR2K4,0,0,1000000,0
GB66JF6WFRJ1,4500000,4000000,0,0
GBN3AMCN6NZ7,2000000,0,0,0
GBZJW78BD6K5,2000000,1500000,3000000,4000000
GCBFNQZWDN77,2000000,2000000,2000000,0
GDD2BVK3J788,0,1000000,0,0
GF2AJDG4PG88,3500000,0,2000000,2000000
GG1KB6MV6943,6250000,4000000,5500000,5500000
GGUBQ7FD6SN3,0,1000000,0,0
GJULZ54Z1CH9,2000000,0,2000000,0
GKUNKEKH9125,1500000,1000000,2000000,1500000
GKWLWNJAW9U3,4000000,2000000,0,0
GLHVHH983EP6,2000000,6500000,9500000,0
GLKVHYJKEVB5,1500000,1500000,0,0
GM3RLMAGGC48,17000000,2000000,0,2500000
GM48B8G7NHK3,0,1000000,0,0
GMH8BJTAAJP7,1000000,1000000,1500000,0
GMQ5U2JNQ4Y4,7200000,3500000,4000000,5000000
GNFPDCJ8DNR1,11500000,1000000,0,0
GNJKP4H4MEU1,3500000,3000000,3500000,3000000
GNLFCWQX1NS7,1000000,0,1500000,0
GNNCJS4NZL63,5000000,0,0,0
GPCTHF1VWMJ4,1500000,0,0,0
GQ54J6RGR875,0,1000000,0,0
GR3FFN2PA986,4500000,5000000,4000000,4000000
GWQ5H818QK91,1500000,2500000,0,3500000
GWVMSDZAHER5,0,1000000,0,0
GX6TAQ3JYY53,1000000,0,0,0
GXTCLKANJYN4,2500000,2500000,2500000,0
GZL9J8BULS73,3500000,4000000,5000000,0
H17MRZGLX4N1,1500000,2000000,0,2000000
H19DKLCX7PB1,0,2500000,3000000,0
H1MMF2C9MDP7,5000000,4000000,2000000,0
H29JCKHWKVU3,2000000,2500000,0,0
H2KZM6US6NB7,0,0,1000000,0
H2N2YWARWK53,1000000,0,0,0
H36KXRHUSCA1,3000000,4200000,4000000,0
H3GZM2VHWF31,2000000,0,0,0
H46JYCLULJ26,1000000,1500000,2800000,0
H6DXKZHSNTH9,0,2500000,0,3500000
H7NCZMBXGN14,1000000,1000000,0,0
H7XMD6FW2C44,11000000,5000000,5000000,0
HA95WJ7NY283,13000000,2500000,3000000,2000000
HAZKLK8FHR63,4500000,3500000,0,-3500000
HCXZJ7JB7KQ7,4000000,2000000,2000000,2000000
HDD5GQCA2D45,0,4500000,0,0
HFYELRSN4DZ3,18500000,5000000,6000000,2000000
HGDMAVJHJA79,0,2000000,0,0
HGMCNT3HRJ85,12500000,2500000,2500000,0
HJ7MC5489N65,2500000,0,1500000,0
HJCWATNGZN66,14000000,0,0,0
HJW3EG8E46M4,0,1000000,0,0
HKSVZM9TJKD8,0,0,1000000,0
HL3EY91NDB33,0,0,0,2000000
HLVYNB632ZL6,0,1000000,0,0
HM2NEDMYTD68,1000000,1500000,0,0
HM6BV3LM61R3,1000000,1000000,0,0
HM8HCN5Y1634,2000000,2000000,2000000,4000000
HMFMGXRU6MK8,18000000,4000000,5000000,0
HMZXW6H7KSF4,1500000,1500000,2000000,0
HNT8Q52EGBL5,1000000,0,2000000,0
HPJ5ANU71H34,0,2000000,0,0
HPMSDMFENT73,2000000,0,0,0
HQ1XPMEK9JS1,0,0,5000000,0
HQMMZ7JWZWF6,2000000,0,2000000,0
HRF5C6MS77K4,2000000,2500000,3000000,7500000
HSJSZLEAG1P3,1500000,0,1500000,0
HTN9E31UACP6,1500000,1500000,0,1500000
HU8HBYKG6515,2500000,3000000,2000000,3000000
HUNEM5ELJWN5,15000000,0,2500000,1000000
HV2BTBNK7MV5,4000000,4000000,3500000,0
HVHTPYVCW9D3,2000000,0,0,0
HX61AB6U5RU8,2000000,2000000,2000000,0
HXU3HNKYC7N1,4000000,4000000,4500000,4250000
J1L9KWW9URJ7,2000000,2000000,0,2000000
J1X8WHNND3D8,1000000,0,0,0
J2ZZMBFHFYV6,1000000,0,1500000,0
J3C4KSX19J46,15000000,0,0,0
J4Z8T817GNW7,19500000,4500000,4500000,0
J7CMQ9EU8JN3,0,0,2500000,0
J7NMB1TCJMD1,1000000,0,0,0
J8YSKKQYNNM9,2000000,0,1500000,0
J913XFJU68U9,3500000,4000000,2000000,4000000
JANXQBHZMPQ1,1000000,1500000,3000000,0
JBEEERT19TM6,2000000,2500000,0,0
JD74G4WSWCK7,4000000,0,4500000,0
JD9SLBAJA987,0,1000000,0,0
JDLSAANLYSP4,0,0,2000000,0
JE6YA3ANMKV5,15000000,5500000,5500000,0
JELJEDAMJ695,3000000,4000000,6000000,3500000
JF9NUPXWKEM5,1000000,0,0,0
JGTSSUU1EJE7,1200000,1000000,0,0
JJDLMJAT91P3,10000000,5000000,0,0
JJZJNNKR8J26,2000000,2000000,0,0
JKWDJ73APW43,0,0,3000000,0
JKZ9PL6EWXU5,1000000,0,0,0
JLLCR3XNY8L4,0,0,5000000,4500000
JM1MZAN55SN1,2500000,3500000,5000000,0
JM7EYZZDUF33,2500000,2500000,3500000,0
JMGPE5JJPS69,0,1000000,0,0
JMKMNGF9E569,0,0,2000000,0
JMPMC776L8C3,2500000,0,2500000,3500000
JNPAVUFLQJ38,0,1000000,0,0
JNQFZNMEYGB3,16000000,2000000,2978956,-16
JNZ1MMGN2R73,4000000,4000000,3000000,0
JPBGA1KBMBG8,3500000,3500000,2500000,0
JPK5NBF9NVV5,4000000,7000000,0,0
JRDCFB4LK1L5,1000000,5000000,2000000,0
JSJ5RGYSZY41,2000000,0,2000000,0
JSJVJ2TSVMT5,0,3500000,0,0
JVHNMBJ2V427,2500000,3500000,2500000,0
JWNMWNJ6NTG6,0,2000000,2000000,0
JWPWQN1K2A89,4000000,3500000,3500000,4000000
JX99M9KYYUG3,0,0,1000000,0
JZANMJ84PM28,2000000,2500000,2000000,1500000
JZR6ZJM3L4V8,1500000,2500000,5000000,0
K11BSN6H25M3,0,0,2000000,0
K1EVYF1QTLV9,0,0,2000000,2000000
K1J8AM81PF23,3000000,4800000,2500000,0
K2F4FLBS1NJ3,1500000,2000000,2000000,0
K4URHA156K35,0,1000000,0,0
K4YDR2YJ9U51,2000000,1500000,2000000,2000000
K61DVQNJ4934,1500000,1500000,0,0
K7SFT4LL2DL7,2000000,0,0,0
KAMAHBBVBTS1,1000000,1500000,4000000,0
KAREMLF14TF9,1500000,1000000,1500000,1500000
KC3SUWVWJSU4,0,4500000,0,0
KC6HK5FVF651,2000000,2500000,3000000,0
KCWFHDGGNF86,1500000,0,0,0
KD8DJYR4B161,0,1500000,1500000,2000000
KDMQF4K7Y5X7,0,3800000,0,2000000
KEEKXCSLA2T4,1000000,1400000,1500000,0
KGB4CAJYGJN5,46195166,-153000,5000000,0
KHAGC8WHFLJ1,7000000,7000000,6000000,7000000
KHGNTCUW68L3,0,4000000,5500000,0
KJR3UQ76HZK7,0,1500000,1500000,0
KK5MGU7H2HV5,0,2500000,0,0
KKQFBNMSRKK8,1500000,0,2000000,0
KLJUXC6MZNL5,2000000,5500000,6500000,3000000
KNM7JUGFHBS3,2000000,1500000,2500000,3000000
KPCVLD6KFR13,21000000,3000000,5000000,0
KRCFCE7E2SL7,0,0,1000000,1000000
KRJAJW14V3L7,1500000,0,2800000,0
KSXFH2P5G167,2000000,4000000,5500000,0
KTUEX92W2DF7,4000000,3000000,5000000,0
KU4ZCLZUDUF1,3500000,4000000,5500000,2500000
KUUGNJJWS8L4,0,0,1500000,0
KUVLWLAGWWF5,4500000,4500000,7000000,7000000
KVW1QHEA8L31,4500000,2500000,3000000,0
KYH5T5EJCR78,4500000,4500000,5000000,0
KYL1E52G33G3,0,0,5000000,2000000
KYNFKCN5K311,3000000,3000000,4000000,0
KZM9K366AS36,1000000,1000000,1500000,0
L1MWNJ58QTL7,2000000,2000000,2000000,0
L2CSCEZE6K75,19000000,6000000,10000000,0
L563U6JE7PC5,2500000,3500000,3500000,0
L5BXSRYLNNA8,1000000,2500000,7000000,7000000
L5DML545DUL1,4500000,4500000,0,0
L5MNLJNNNQF5,3000000,3000000,0,0
L6MBRFDNDJM9,0,1000000,0,0
L6YNSFSRKYJ5,3500000,3000000,4500000,0
L7W3KMT185L9,1000000,0,0,0
L82NPKWZQUA9,1000000,1000000,0,0
L8LEL8DDZ4H4,0,0,1500000,0
L952KGDMSLV5,0,0,0,6600000
L9RCYQWTL6K5,2000000,0,0,0
LA7BYFGNLQB6,7000000,7000000,7000000,6000000
LAAQWMUTMD16,1000000,1000000,0,0
LAERJQA9G8K9,0,2000000,0,0
LAN8EDWZTVL1,0,1000000,0,0
LB1HRHML4ND3,0,3000000,0,0
LC7MCKGG91J5,0,0,4000000,0
LF4LLC8TXDG2,0,3500000,14500000,-7500000
LF4MRWBV5Q23,0,1000000,0,0
LFY1X4DDGP15,8000000,6500000,7000000,7000000
LG6YHMJWE333,1500000,2000000,2500000,0
LGDFJ2PJJB72,0,2000000,4000000,0
LGNSCJMNDMD6,3000000,3500000,0,0
LH8GEPPSBYN1,4000000,4000000,5000000,5000000
LHZRDSWN2B46,0,1500000,0,0
LKH8GJW76MM8,0,3500000,0,0
LLBAA2AAELM3,0,0,0,2000000
LLH5Z1BHG581,5000000,5000000,5000000,0
LLHXDTCHXX66,2000000,4000000,4000000,5000000
LLVYVX1KXJ47,2000000,0,0,0
LMNLAN3VBQH9,1000000,1000000,0,0
LN5XEGA8MEE7,19000000,6000000,7000000,0
LPGBGESAYVN7,13000000,3000000,3000000,3000000
LPQ1NHRK78M9,1500000,1000000,0,0
LRMWSGQUNGF3,7500000,6000000,5000000,5000000
LUE9B6MDL4N5,5000000,5000000,5999922,0
LUMGHR6XW993,6000000,6500000,7000000,0
LV23NXPR7DN3,12000000,2000000,2500000,0
LX47YJQNEXB4,3000000,2500000,0,0
LXKNN69WFLZ9,0,0,1000000,2000000
LY3UKGR9R4S5,4000000,5000000,5000000,0
LZHQVCKC5UB8,0,2500000,2500000,0
M12VD7WEEFM9,2000000,3000000,-3000000,0
M1AUV4EN6UE5,6000000,6500000,7000000,0
M1YKMBY5TG89,5750000,4000000,5000000,0
M3DHRNGE8EA8,1000000,1000000,0,0
M3FXUGKZKEM3,2000000,3000000,2500000,4000000
M5LMDZG82WN9,1500000,1500000,1000000,0
M5XBSLG9SDX6,0,6000000,6500000,6500000
M7FPDYAMZG91,0,0,1000000,0
M8SVJNGJ3YP1,10000000,0,0,0
MAYMMWENJ1N5,2000000,2000000,2000000,0
MB79K5AMR5D1,18000000,22000000,25500000,26000000
MCK1HAKXDFY8,0,0,1000000,0
MD8NJBK16EZ8,2000000,0,0,0
MDDCVCM78KT5,7000000,2500000,0,0
MEAKFE8D6W76,25000000,7500000,7500000,0
MFZBN62JDLS6,8500000,2000000,4000000,0
MGE1K57JEDR4,0,1000000,0,0
MGK3DGEF9359,1500000,3000000,2500000,0
MGLQN986KLU7,1000000,0,0,0
MHF3WYTG9MT8,2500000,2500000,3000000,5000000
MHK6GFMNCG35,2000000,0,0,0
MJH9HZUK27M6,0,3000000,3000000,0
MJPYBJBLLDG4,0,0,0,1000000
MJSVL2YMBCJ4,2000000,1500000,0,0
MK6ZNYMZZYN3,1000000,0,0,0
MKGRJTNMJ2N1,1000000,1000000,0,0
MKHRZT3BLQG4,2500000,3000000,0,0
MKJ8DBMNRBZ4,2000000,6000000,6000000,0
MKL2ZUPWF4N1,0,1500000,0,0
MKQAZXAJC267,0,0,4000000,6000000
MLU7JHA95E57,2500000,2000000,2500000,3000000
MMEBHQ9CZVZ1,0,2000000,5000000,0
MMRKPC5LB339,0,0,0,2500000
MNEQG4EXWGB8,4000000,0,4000000,0
MNJDKB4FXLM6,2000000,0,0,2000000
MNJGAB6BJLN6,0,3500000,5500000,0
MNK9XUN39971,2500000,3000000,4000000,0
MNUMNS91GP86,14000000,8500000,10000000,14500000
MNWFN6B4MY45,1000000,0,0,5000000
MP8JLHNAD8B7,3500000,2300000,4500000,6000000
MPAVNSMECLD6,3000000,5000000,5000000,5000000
MPWSSENH65A8,15000000,0,7500000,0
MRDFW8TEK6Q8,4000000,6000000,7000000,0
MV6KZDL5LXL3,1500000,1500000,0,0
MVBMGW9N79P5,0,-1000000,0,0
MVQVZGUTJLV6,0,1000000,0,0
MVR8BC2ZUZW9,0,0,2500000,0
MXFKS5UA4WK5,3500000,5000000,0,2000000
MYVKEZKLBCA5,4500000,1500000,0,0
MZBMZEFRN7R7,1000000,2500000,0,0
MZKYG2QG8KK8,5000000,5000000,2000000,0
MZLNNHXC1H16,1000000,1000000,1000000,1000000
MZN3H9TA1J24,2000000,2500000,0,0
N1L6MFZ5G235,6000000,4000000,7000000,5000000
N1Q6PW3JN8N6,1000000,0,0,0
N244MNTNMBH9,1500000,0,2000000,0
N2BTRGALT2N5,0,0,2500000,0
N2HFFEBLXGJ3,0,1200000,0,0
N31DCMC8MDG8,9200000,5500000,6000000,0
N3MTTSMSBUW5,6000000,0,0,3000000
N3TSJ4NKCJE3,0,1000000,0,0
N4RVNH7VNJQ4,1000000,0,0,0
N4Y5HW5X3HR3,0,0,2500000,0
N5C1K6NL7JN9,1000000,1000000,2000000,2500000
N61ZE3LRSDU7,1500000,1443400,0,0
N6CRDPF1ZV53,2000000,1500000,3000000,0
N6M5FJ4YHKA8,1500000,0,-1500000,0
N7MGHD87KPF8,1000000,2000000,0,0
N7QXVP2GLLS8,1000000,1000000,0,1000000
N7SKL1K1SS35,0,0,3000000,0
N9AJGKJKA4G8,17000000,0,0,0
N9E6FHQ3AV31,11000000,7500000,0,2000000
N9MLQNLBYAE5,0,1500000,0,0
NA96GD94NJQ6,1000000,0,0,0
NAC9GBSB1SN6,21000000,6000000,0,4000000
NAXPMRU4WNC4,0,1500000,3000000,1500000
NBY1GJNZ6X97,2500000,3000000,4000000,0
NCUJKWE5MDT5,1000000,1000000,1800000,0
NDNMXJ4YQEY7,2500000,2500000,1500000,0
NE91TVZQR3U5,0,2500000,1500000,0
NFDEECGCALJ8,0,0,2000000,0
NGFCTVBLCZZ7,0,1000000,0,0
NGKPZ26B5UV5,12000000,3000000,4000000,0
NHEVNB6K1CY8,1500000,1000000,1000000,0
NJJJHPMTNNS4,2000000,4500000,4000000,0
NJY4B4C9FMJ9,2000000,2500000,0,2000000
NKCNXMMBGW96,0,0,0,1500000
NKJ9ANSLS855,0,1500000,1500000,2000000
NLLST9XHM9T6,1000000,0,3000000,2000000
NLPCNKB8TXX8,18500000,4000000,5000000,0
NN9GBEG2A698,1500000,0,0,0
NNEWCFLVC4G1,0,1500000,1800000,1500000
NNWJKWCQYM89,0,1000000,0,0
NNZNC19GR5E7,5000000,7500000,7000000,7000000
NPN7L7DENV91,2000000,2000000,2000000,0
NPSTHK9746E5,1000000,1000000,0,0
NQKFAEKQ7LJ6,0,0,1500000,0
NQTJDC4MSJ81,5000000,5000000,0,0
NRN5ZQWN2KP7,0,0,1500000,0
NS2KP7MJDLD3,2500000,2000000,2000000,2000000
NS7VE3MCSQ81,5000000,0,0,0
NSEQE824AND5,2500000,0,0,5000000
NU6NYLWFDK11,4500000,0,7000000,0
NX4MS3Z968A7,15500000,5500000,7000000,3500000
NX9PXMKW5KW8,1000000,10999934,-1547,0
NXAYMM9B9MU9,5000000,5500000,-3402500,0
NXKALBEN1LH3,7000000,2500000,2500000,0
NXPMX8AJH7U1,0,2500000,3750000,0
P1FGJMFT6DM1,24000000,8500000,10000000,10000000
P23LCA688353,1500000,2500000,2000000,0
P45SNKUKBG56,0,2500000,0,0
P4CWJN5DQZH7,2500000,2000000,2000000,0
P4PGL9TDRKP3,1000000,2000000,0,0
P5NJYM14A6J6,7000000,6500000,7500000,0
P88EW14QFWN4,0,0,2000000,0
P8K4FYLJZAK8,0,0,2000000,0
P9J5PNZFD7N4,1000000,0,0,0
P9M2RNCY9HK7,25000000,7500000,7500000,0
PBRKFJMUKJ24,2000000,0,2000000,0
PCEPPYRJSEU9,5500000,0,0,0
PCJPBEAAH8V1,3000000,2000000,3000000,0
PH6EQK7FGZW9,5000000,5000000,5000000,5000000
PHY6N6HEDC69,1500000,0,0,0
PJQBZ4TNTMH7,0,5000000,5360000,0
PKXGH34M49S3,1500000,0,0,0
PM3DZFZDWWA4,0,0,1000000,0
PMJYMJ3DSJ75,5500000,4500000,4000000,3500000
PNUKCE9UM7T5,2000000,0,3500000,0
PNVPELZLNVE5,1500000,1500000,0,0
PP3DLHVSUPU8,0,3500000,0,0
PP4PPQJG48A6,1000000,1200000,0,0
PPVTJ8YJJ5J3,0,2500000,0,0
PQ8UW2QTKW21,0,2000000,3000000,0
PRLZLBB9F124,2800000,0,2500000,0
PVN2AL4VJJM8,0,1500000,2500000,0
PWV8N1M4FAJ3,0,0,0,1000000
PYTZAM1J7N38,1000000,1000000,0,0
PZ4YMBZJ2AE3,1000000,0,0,0
Q35JK97RDLM4,3400000,0,2000000,4500000
Q3MMJA51MJ78,0,1000000,0,0
Q6SDB1GLDYE5,1500000,2000000,2500000,3000000
QA2TC5UMCMM6,0,5000000,3000000,0
QAJTM54XC7G3,2000000,2000000,0,4000000
QAYLA33SLVR4,1000000,1000000,1500000,1500000
QCKWMMK53GJ8,1000000,1000000,1500000,0
QD25FELMRUN7,2000000,2000000,2000000,0
QD3BU836BR33,3500000,0,2500000,0
QDBBJK2YJMV9,6000000,5000000,4000000,0
QEHNQKN5K4L1,6000000,3500000,6000000,0
QKGML53KEZK9,3500000,4000000,4000000,0
QM47WJKM9PS7,1000000,1000000,0,0
QN4RPBNE15M1,6000000,5000000,5500000,0
QNCANF2TNER9,1500000,0,0,0
QNF7HLC9Y8N7,2500000,0,6500000,0
QR1LQ18LDQM5,1500000,0,0,0
QRQLL5DMKPJ6,0,1000000,2000000,0
QT44GMUR5D95,3000000,0,4000000,4500000
QTKAGB6DXBV4,5000000,2000000,0,8000000
QTLHEJKNWTP6,1500000,0,0,0
QVW9TFAZJFE7,1000000,0,0,0
QW53KEYFM543,0,3000000,3000000,0
QWGSM6KLHRC8,15000000,0,0,0
QWJHD2N2J138,0,0,1000000,0
QXMAVT1KL4C4,5000000,4000000,5000000,0
R1G7ALDYYT55,0,3000000,0,0
R68YPB1GN9Y9,2000000,2000000,2500000,3000000
R786QUDMCRE4,0,2000000,2000000,0
RB94XBPMJPM9,0,2000000,0,0
RBZRJ3NJDLT7,0,0,1500000,0
RDAMZRPZTNL3,3000000,2296500,0,0
RF35Z8UM6SB5,1000000,0,0,0
RFJKC5XNAX93,2000000,0,0,0
RJPRY7VE5AD8,0,0,0,1500000
RK4SDRKT1H96,0,1750000,0,2500000
RLEMQPFH42J8,3000000,2000000,1500000,5000000
RLXMLBUNBXB6,13000000,7500000,8000000,5000000
RN2PJ5H5LCJ7,2000000,3000000,4500000,0
RRZFS5QEXR59,1000000,0,0,0
RVJHLM4X7KK3,20500000,5500000,3000000,3000000
RWW4VUCE61Q9,0,0,2000000,0
S1CAGVFBEER3,2000000,0,2500000,0
S2GVPL34G756,0,1500000,2000000,2000000
S3G1J8LSAJJ3,3500000,2500000,14000000,0
S47VGSJ29786,1000000,1000000,1500000,0
S5KEVXMY2V34,1000000,0,0,0
S89HCDGFAEQ4,6500000,7000000,7500000,10000000
S8S4FTD8F274,1700000,0,2560000,0
SAPQK6EHUMV5,1500000,2000000,0,1500000
SBSZKLP6LA87,0,2000000,2000000,0
SCAPXP5SRNQ4,0,0,2000000,0
SCJ3PRNV4SK8,0,2500000,3500000,0
SE4FUBLULHS7,0,2500000,3000000,0
SG2BLLNNV4S7,4000000,3000000,0,0
SH39NEVDNN13,0,2000000,0,0
SJJ6NVMQ7CS5,0,1000000,2000000,0
SJMLGGVW8MJ1,2500000,3000000,4000000,0
SM13JGVJLJA7,5000000,0,0,0
SMFTKANL5S34,6000000,1500000,1500000,0
SNZKCDCYC6E4,5000000,4000000,6500000,0
SSLAH9T6H727,0,6000000,0,-5100000
STGAZ2KCKY47,1000000,1000000,0,0
SVZSJHR2A4T6,0,0,0,5000000
SXV4K8JJ7UD7,3500000,2500000,0,0
SZX3FC7GLWV5,0,0,2000000,0
T1NYLGAAHLX5,10000000,0,3000000,0
T2H8HGJMKUT1,14500000,5000000,0,0
T4ZKXG4K3JK7,1500000,0,0,0
T63ZJ9NEJKR9,2000000,0,4000000,0
T7DGBLYANKM3,4500000,-200000,2500000,-2064000
T8HDM77G2453,0,0,2500000,0
T8L2JUCMKC69,10000000,0,0,0
TBVJE8EJJ366,6500000,5500000,0,0
TEBVVNY53WP1,0,0,0,1000000
TGU8AMYAFE61,0,0,1500000,0
TGYVS6F9UZX4,0,1500000,0,0
THP6T4RHUGG7,1000000,3500000,0,0
TK6JJDD94K98,3000000,4500000,4500000,0
TKK1ESMYMDF8,1500000,1500000,0,0
TM2XWA9P3B55,2500000,4000000,4500000,0
TME7WQZZS794,15000000,0,0,0
TN2HJPDGVD76,0,0,2000000,0
TNHKJG79ANG3,2000000,2500000,0,2500000
TRX5R9CVN7J3,2000000,0,0,0
TSMNHANE2N74,0,0,1000000,0
TUGYD6LNW9J3,9500000,0,9500000,8500000
TVZDN4DZLRL4,2000000,1000000,2000000,0
TWB6XBRCDKF4,4000000,4500000,5500000,0
TWZMQFZLENW7,1000000,1000000,0,0
TZRVRA8ZJJA6,4000000,8500000,8000000,0
TZUJKRTD9C54,8000000,8500000,3000000,0
U1FDB9EL24G1,2000000,2000000,0,0
U2EKNEZLNN75,1000000,1500000,1500000,0
U3YHD4NKL4S7,2000000,0,0,0
U64FN8N6Q617,0,2500000,4500000,0
U9QMWSKLCLW7,0,0,0,2500000
UB5SSBK91G76,1000000,0,0,0
UDXZTAAB62U3,1500000,1500000,1500000,0
UL7WQ6GTFX71,0,0,0,1000000
ULPERKC4GL81,4000000,3500000,1000000,-1000000
UMU5VKDYGLQ3,0,0,1000000,-1000000
UMULZA9Q1M37,1500000,0,3000000,0
UMXFKTGJC8L4,1000000,1500000,2000000,2500000
UNSKFTUAQEC4,0,2000000,2000000,0
UQAQBBF43K81,0,1000000,0,0
UQMNZ2MC5VC3,0,0,0,15000000
URAJAG4EF5Q9,0,0,1000000,0
UU6TFDMBJFE3,0,-1000000,0,0
UUNGQFJG6ZH8,1000000,0,0,1000000
UXDAU1L5M7F9,4500000,0,2000000,0
V1GMKSKTGCX1,1500000,2000000,2500000,2500000
V5AAGKZPHZT3,2500000,5000000,1500000,3000000
V9WRA7HHMDE6,0,1900000,0,0
VABSPZWLPAH3,5500000,0,7000000,0
VAX6NLUGRLM5,1500000,0,0,0
VBUCJ177MPP9,12500000,2500000,0,1000000
VEKJMLB1HJ95,1000000,2000000,0,0
VFZ3S96PE136,1000000,1000000,0,0
VG4KZ596E1Q3,1500000,1500000,0,0
VJ8NWGQ3FGK5,1500000,2500000,3000000,0
VJNMBDJZ8Y26,3000000,3000000,3000000,0
VKEYA7ARE2R9,16000000,5000000,5500000,0
VKEZXK2FZGB9,13950000,12500000,16000000,0
VKWEYWMLXDJ1,0,0,1500000,0
VL8BC599UUJ9,6000000,4000000,6000000,10000000
VLKFL7DFGNV3,15000000,7000000,0,0
VLKLPYLHDAC9,1000000,0,5000000,0
VQPSL49VKP57,12000000,3000000,7000000,0
VSUQE5YUDKN8,6000000,12000000,11500000,6000000
VUMGSTT3TQS4,1500000,0,5000000,0
VX1NXRDBM9W8,0,3000000,0,0
VYN7RXNEW6D4,0,1000000,0,0
W21FJPTN8R73,0,6000000,5500000,0
W32NQ178UT44,2000000,3500000,3500000,3000000
W52YJ1LJ5RT9,0,-3500000,0,0
W5GCUT79X5Z6,1000000,1500000,2000000,2000000
W6LPGC2MTA54,2000000,4000000,2000000,0
W7CJQX5NLNN5,0,2500000,0,0
W82MKXK47JK7,6000000,4000000,5000000,0
WAMWTCNKM2K7,2000000,0,0,0
WGU8UMKYALL1,0,0,0,1000000
WH3PLGNFNZR3,2500000,4000000,0,0
WJGCQ1RCEJF6,15000000,0,2500000,0
WKZADZAW98C8,2500000,4000000,3000000,5000000
WKZBEG13ARG3,0,3500000,6000000,0
WN74GVSSZY81,0,5000000,0,0
WNEHJL1ZP3V1,4000000,4500000,2500000,0
WQWWDNTP21Y1,0,2000000,2000000,0
WRQDLWM8SSM5,15000000,6000000,5000000,3500000
WU9XAJHN1HE7,0,0,3500000,0
WUZVNN6M4B55,4000000,4500000,0,0
WV7PWGL2LK53,0,2000000,2500000,0
WVNMPB2AB5M9,1000000,1500000,1500000,2000000
WZFKMEMFWYY7,0,3000000,0,0
X3VHGUMVK9W6,2000000,2000000,2500000,0
X4JRUJXJCUR5,3000000,4000000,2500000,5000000
X5HWGTM85UL1,1500000,2500000,2500000,3000000
X9JYBUX1G7A8,0,2000000,0,0
XAQLNCJ91GR3,1000000,0,0,0
XAYNJHNQAXR4,0,1000000,0,0
XC22C6F6DM97,4000000,0,0,0
XHPGCRNATWY5,3000000,4000000,0,0
XJFBMN62W5Y3,0,1500000,1500000,1500000
XJNDMKTZLAQ4,13000000,4500000,0,0
XK8TLV4XURJ4,3500000,3500000,4000000,0
XKSTJME4DU14,0,3500000,0,0
XL7JEMRKLVB8,5000000,0,0,0
XL9NEL44G4R4,2500000,2000000,0,0
XNDYATNWYKF6,22500000,7500000,7000000,0
XRFZYFLTK8W9,1500000,0,2000000,0
XSUQNG78YGP1,2000000,0,3500000,0
XUMWKHFC4QA1,1000000,0,0,0
XURMMWGJJGY3,2500000,2000000,0,0
Y22ZN4YB3F14,2500000,2500000,3500000,0
Y54UH3GYMF11,18500000,9500000,14000000,0
Y86JF5NUJ6Z3,0,0,1500000,0
Y9FPP34NZ5L9,1500000,0,0,0
Y9G2V8SKV1T5,2000000,1000000,2000000,0
YDARKSNVFJK6,2000000,2000000,2000000,2500000
YECRC71FRSL1,4500000,4500000,0,5500000
YEUEF6DCSWJ5,0,0,1000000,0
YJW2GJTBGB83,1500000,2000000,3500000,0
YL1MFAQBF6K6,4500000,0,0,2000000
YM4RCPFMDGH8,1500000,3000000,0,0
YMGYTYDBUJ48,5000000,6000000,8000000,5000000
YMSCTKLKCTT3,0,0,2000000,0
YN23P2VJMDK5,0,1500000,0,0
YNL2H7YNMFP9,1500000,1408898,5000000,0
YNUKT2FJ4K97,0,1000000,1500000,0
YPN9BYA8YUV4,1000000,1000000,0,0
YR9MYLF3JGY7,0,0,2500000,0
YRFLG9FUS5Q7,0,0,0,2000000
YTQ8NTXQ3R93,0,1000000,0,0
YV4WDJUW7PH8,0,1000000,1000000,0
YVQXQJDPRNJ1,0,0,2500000,0
YXZTHHW1WYT6,0,0,3000000,0
YY7PJG41UB23,0,1200000,0,0
Z1RDR9V91XG8,1000000,0,0,0
Z5KWK5N24S77,12500000,2000000,0,0
Z5LQE3L4RKH8,2000000,0,4000000,-612
Z5QNDUNC9NM9,5500000,0,2000000,0
Z7XRL3LMLLE3,1500000,1500000,1750000,0
Z9FXRYN8NG24,2000000,2000000,1000000,1500000
ZALEEG6F54K4,0,1500000,2000000,0
ZANHEMLUXCK8,2000000,1500000,1500000,0
ZAYJAWU3FR94,2500000,5000000,3000000,2000000
ZCYFKHUEYCV7,0,0,1500000,0
ZE3WLV2BWXU6,1000000,0,0,0
ZES8XNEFNCP3,3000000,3500000,5000000,4500000
ZGEWXDHVZPU8,0,0,5000000,6500000
ZJ42MHC5QMJ8,0,3000000,0,0
ZKLMCNYSHHZ5,0,1000000,2500000,3000000
ZKZSZ43HMH22,2000000,2000000,3000000,0
ZL1MFD7GMY26,0,0,3000000,0
ZMHUV8BK9LD1,0,0,2000000,0
ZN7LJAQ1JPG5,0,2000000,2500000,0
ZNDLRCDZGKJ3,1000000,1000000,1500000,0
ZNFPCKAAQT13,0,0,2000000,0
ZQVWPKAHKGK3,1500000,1000000,2000000,3000000
ZTETGGX4K747,2000000,0,2000000,0
ZUMMJCCDF832,0,0,0,2000000
