recipient_uei,recipient_name,recipient_address_line_1,recipient_city_name,recipient_zip_code,nta2020,geocode_status
C1AWH1TEXFE3,PHILHARMONIC-SYMPHONY SOCIETY OF NEW YORK INC,10 LINCOLN CENTER PLAZA,NEW YORK,10023,MN0701,matched to NTA
C1BGPSHYXF68,THE NEW YORK FOUNDATION FOR ARTS INC,20 JAY ST,BROOKLYN,11201,BK0202,matched to NTA
C1K7KALMJFH6,THE DRAWING CENTER INC,35 WOOSTER ST,NEW YORK,10013,MN0201,matched to NTA
C44HCGPPBUG6,"BEFORE YOUR EYES, INC.",404 2ND ST APT 2R,BROOKLYN,11215,BK0602,matched to NTA
C4N9KHJ54KS3,"STEM FROM DANCE, INC.",590 FLATBUSH AVE APT 10K,BROOKLYN,11225,BK0902,matched to NTA
C5VBTVSJ9143,FORCES OF NATURE DANCE THEATER INC,521 W 126TH ST,NEW YORK,10027,MN0902,matched to NTA
C7D9D7NYTPT7,THE STANDBY PROGRAM INC,14362 SANFORD AVENUE,FLUSHING,11355,QN0707,matched to NTA
C876SV494GH7,"CREATIVE AMMO, INC.",18 E 41ST ST,NEW YORK,10017,MN0502,matched to NTA
C8CHR3N985M8,RECESS ACTIVITIES INC,46 WASHINGTON AVE,BROOKLYN,11205,BK0203,matched to NTA
C8H9CNG1VBD9,ICAHN SCHOOL OF MEDICINE AT MOUNT SINAI,ONE GUSTAVE L LEVY PL,NEW YORK,10029,MN1101,matched to NTA
C9C8A3PFFGG8,ELAINE KAUFMAN CULTURAL CENTER-LUCY MOSES SCHOOL FOR MUSIC AND DANCE,129 W 67TH ST,NEW YORK,10023,MN0701,matched to NTA
CCQFCDCQ3T73,MORE ART INC,71 NASSAU ST #13A,NEW YORK,10038,MN0101,matched to NTA
CEPXT2CU75D3,TOWN HALL FOUNDATION INC,123 W 43RD ST FRNT,NEW YORK,10036,MN0502,matched to NTA
CG93MBCKGSP1,MAGNUM CULTURAL FOUNDATION,59 EAST 4TH STREET 7W,NEW YORK,10003,MN0303,matched to NTA
CHT4BZKWNSF3,ARTISTS ALLIANCES INC STE,107 SUFFOLK ST STE 411,NEW YORK,10002,MN0302,matched to NTA
CHYTHNS5Y4V5,"BROADWAY FOR ARTS EDUCATION, INC",336 W 37TH ST RM 500,NEW YORK,10018,MN0401,matched to NTA
CJT1UKD5AZK1,THE MARIACHI ACADEMY OF NEW YORK,32 BROADWAY STE 1314,NEW YORK,10004,MN0101,matched to NTA
CKH8N1ULLBF9,"THE FOUNDATION FOR INDEPENDENT ARTISTS, INC.",75 BROAD ST 304,NEW YORK,10018,MN0101,matched to NTA
CKKRFUJ9B2P9,LOTUS FINE ARTS PRODUCTION INC,310 RIVERSIDE DR,NEW YORK,10025,MN0703,matched to NTA
CLHDYRB9PBB9,NEW YORK CHINESE OPERA SOCIETY INC,120 BROADWAY STE 3650,NEW YORK,10271,MN0101,matched to NTA
CM3GMLVLL1N7,FUTUREPOEM INC,311 W 24TH ST APT 5A,NEW YORK,10011,MN0401,matched to NTA
CMG2VHF4NDG2,RADIO DIARIES,20 JAY STREET  SUITE 205,BROOKLYN,11201,BK0202,matched to NTA
CNTBT8MNVC31,"CULTUREHUB, INC.",47 GREAT JONES ST 3RD FL,NEW YORK,10012,MN0202,matched to NTA
CP57NMXBVZ76,"QUEENS THEATRE IN THE PARK, INC.",14 UNITED NATIONS AVE S,CORONA,11368,QN8191,matched to NTA
CPAGCC7BZZX5,"MUSIC FROM CHINA, INC.",170 PARK ROW APT 12D,NEW YORK,10038,MN0301,matched to NTA
CPL4AAWNV3K5,DANCES FOR A VARIABLE POPULATION INC,560 RIVERSIDE DRIVE #9K,NEW YORK,10027,MN0901,matched to NTA
CPWKDFNWBKK1,GUERNICA INC,157 COLUMBUS AVE STE 424,NEW YORK,10023,MN0701,matched to NTA
CQLNZTAFSTL6,"CENTER FOR PERFORMANCE RESEARCH, INC",361 MANHATTAN AVE STE 1,BROOKLYN,11211,BK0104,matched to NTA
CQPTYVDE89Q3,"DANCE THEATRE OF HARLEM, INC.",466 W 152ND ST,NEW YORK,10031,MN0903,matched to NTA
CRG1B58DXG64,CLASSICAL THEATRE OF HARLEM,566 W 159TH ST APT 44,NEW YORK,10032,MN1201,matched to NTA
CVHFS4SK1BF1,"OPENING ACT, INC.",81 PROSPECT ST,BROOKLYN,11201,BK0202,matched to NTA
CVVQSE8286N5,NATIONAL BLACK THEATRE WORKSHOP INC,2031-33 5TH AVE,NEW YORK,10035,MN1102,matched to NTA
CWJFMLJVR6Z1,"LA FEMME THEATRE PRODUCTIONS, INC.",115 W 82ND ST APT BF,NEW YORK,10024,MN0702,matched to NTA
CWKJPLKD1544,"FIJI THEATER COMPANY, INC.",47 GREAT JONES ST FL 6,NEW YORK,10012,MN0202,matched to NTA
CXMMMZA35VA9,THE ALPHA WORKSHOPS,245 W 29TH ST STE 14,NEW YORK,10001,MN0501,matched to NTA
CY91NFND6144,THE FUTURO MEDIA GROUP,361 W 125TH ST FL 6,NEW YORK,10027,MN0901,matched to NTA
CYSYLB4MZ2Q8,KEIGWIN & CO INC,129 EAST 70TH STREET  4TH FLOOR,NEW YORK,10021,MN0802,matched to NTA
D1BNPZQZZDW4,"TOGETHER IN DANCE, INC., A NEW JERSEY NONPROFIT CORP.",195 PLYMOUTH ST # 4-2,BROOKLYN,11201,BK0202,matched to NTA
D1KBKARJB351,FIVE BOROUGHS MUSIC FESTIVAL INC,759 PRESIDENT ST,BROOKLYN,11215,BK0602,matched to NTA
D2MVJWP4V2W7,REEL STORIES TEEN FILMMAKING INC,540 PRESIDENT ST,BROOKLYN,11215,BK0601,matched to NTA
D2W6GK233R78,AMERICAN MUSEUM OF THE MOVING IMAGE,3601 35TH AVE,ASTORIA,11106,QN0103,matched to NTA
D3HDZKRNLS63,WOMEN'S HOUSING AND ECONOMIC DEVELOPMENT CORPORATION,50 E 168TH ST,BRONX,10452,BX0401,matched to NTA
D4ATTB1MH9C3,"THE LITTLE ORCHESTRA SOCIETY/ORPHEON, INC.",330 W 42ND ST,NEW YORK,10036,MN0402,matched to NTA
D5JDMK21KAB5,INDEPENDENT CURATORS INTERNATIONAL,401 BROADWAY,NEW YORK,10013,MN0102,matched to NTA
D6KCRYE96DT9,AMERICAN DANCE INSTITUTE INC,1740 BROADWAY FL 15,NEW YORK,10019,MN0502,matched to NTA
D6PNCALMUSM1,"ARTBRIDGE INSTALLATIONS, LLC",526 W 26TH ST,NEW YORK,10001,MN0401,matched to NTA
DAX3RJBRNZJ3,CREATIVE MINDS NYC INC,35 W 35TH ST,NEW YORK,10001,MN0502,matched to NTA
DBM1C8MDJ5L3,TEACHERS COLLEGE COLUMBIA UNIVERSITY,525 W 120TH ST,NEW YORK,10027,MN0901,matched to NTA
DD5CLF75P924,OPUS 118 HARLEM SCHOOL-MUSIC,103 EAST 125TH STREET FL 7,NEW YORK,10035,MN1102,matched to NTA
DD5RDRMJMFR5,MUSEUM OF CHINESE IN THE AMERICAS,215 CENTRE ST,NEW YORK,10013,MN0201,matched to NTA
DDJ9JDJ7LAY3,"THE SOCIETY OF FELLOWS OF THE AMERICAN ACADEMY IN ROME, INC.",7 E 60TH ST,NEW YORK,10022,MN0802,matched to NTA
DE49MTY21EJ8,"MADISON SQUARE PARK CONSERVANCY, INC.",11 MADISON AVE FL 15,NEW YORK,10010,MN0501,matched to NTA
DEAXRKGQQTZ8,DANCE WORKS INC,75 BROAD ST STE #304,NEW YORK,10004,MN0101,matched to NTA
DEV1MZHMNZ45,JOSEPHINE HERRICK PROJECT INC,64 FULTON ST,NEW YORK,10038,MN0101,matched to NTA
DF9JAM815C18,"GAMES FOR CHANGE, INC.",335 MADISON AVE STE 4L,NEW YORK,10017,MN0502,matched to NTA
DFULKNVMSVC9,EVERY VOICE CHOIRS INC,465 W 143RD ST,NEW YORK,10031,MN0903,matched to NTA
DGHJB1LLK4U6,HAITI CULTURAL EXCHANGE,558 SAINT JOHNS PL,BROOKLYN,11238,BK0802,matched to NTA
DGK7S8ZFNBC3,N+1 FOUNDATION,4127 49TH ST APT 1R,SUNNYSIDE,11104,QN0202,matched to NTA
DGYFH5EHK5L4,"FRIENDS OF THE HIGH LINE, INC",820 WASHINGTON ST,NEW YORK,10014,MN0203,matched to NTA
DHJ6MWMNEH38,CITY OF NEW YORK BOARD OF EDUCATION,65 COURT ST STE 1,BROOKLYN,11201,BK0201,matched to NTA
DHJMWD6SN9P5,ETHEL'S FOUNDATION FOR THE ARTS INC.,331 W 57TH ST STE 494,NEW YORK,10019,MN0402,matched to NTA
DJ22BPVMXMM9,LABORATORY FOR ICON & IDIOM INC,675 3RD AVE FL 32,NEW YORK,10017,MN0603,matched to NTA
DKLQATMM97Q1,HOUSE OF SPEAKEASY FOUNDATION,117 E 19TH ST,NEW YORK,10003,MN0602,matched to NTA
DKTQBKJJUX95,"NOOSPHERE ARTS, INC.",520 KINGSLAND AVE,BROOKLYN,11222,BK0101,matched to NTA
DLDWW11PX7W1,SWISS INSTITUTE,38 ST MARKS PLACE,NEW YORK,10003,MN0303,matched to NTA
DLERZDGK1JS5,TECH KIDS UNLIMITED,370 JAY STREET  ROOM 316C,BROOKLYN,11201,BK0202,matched to NTA
DMKYK7YEDH15,"THE PERLMAN MUSIC PROGRAM, INC.",19 W 69TH ST APT 1101,NEW YORK,10023,MN0701,matched to NTA
DN79MXHMREB9,THE ISAMU NOGUCHI FOUNDATION AND GARDEN MUSEUM,3237 VERNON BLVD,ASTORIA,11106,QN0105,matched to NTA
DQ5QW4T2MH76,"NEW GROUP INC, THE",240 W 35TH ST SUITE 1200,NEW YORK,10001,MN0502,matched to NTA
DQNYU3NLNAZ8,"NEW YORK THEATRE WORKSHOP, INC.",79 E 4TH ST,NEW YORK,10003,MN0303,matched to NTA
DQQJXPN66C67,"INDIA CENTER FOUNDATION, INC, THE",35 CLARK ST APT E2,BROOKLYN,11201,BK0201,matched to NTA
DSGPYZ542E21,CHILDREN'S MUSEUM OF THE ARTS INC,103 CHARLTON ST,,10014,MN0201,matched to NTA
DTWFLXJPBL39,PIONEERS GO EAST COLLECTIVE INC,7 E 3RD ST #2,NEW YORK,10003,MN0303,matched to NTA
DUJBHZV1D6N8,"BALLET TECH FOUNDATION, INC.",890 BROADWAY 8TH FL,NEW YORK,10003,MN0501,matched to NTA
DUKMR2JRTGX5,LOUIS ARMSTRONG HOUSE MUSEUM,3456 107TH ST,CORONA,11368,QN0303,matched to NTA
DWZ3QL4F5EL5,"GEORGE BALANCHINE FOUNDATION, THE",DAVID H KOCH THEATER 20 LINCOLN CTR,NEW YORK,10023,MN0701,matched to NTA
DYLXAY23GFH7,EL MUSEO DEL BARRIO,1230 5TH AVE,NEW YORK,10029,MN1101,matched to NTA
DYWDUJU7TV46,"NEW YORK CITY CENTER, INC.",130 WEST 56TH ST,NEW YORK,10019,MN0502,matched to NTA
DZJ5BYTDS715,"DIA CENTER FOR THE ARTS, INC.",535 WEST 22ND ST,NEW YORK,10011,MN0401,matched to NTA
DZNDR88NKWT3,BELLEVUE LITERARY PRESS INC,90 BROAD ST STE 2100,NEW YORK,10004,MN0101,matched to NTA
E16TKDG7D9E7,"DOC SOCIETY, INC",20 JAY ST,BROOKLYN,11201,BK0202,matched to NTA
E1NDU1NL4QN1,POSTER HOUSE INC,119 W 23RD ST,NEW YORK,10011,MN0401,matched to NTA
E1QVJKBSLML4,"FILM FORUM, INC.",209 W HOUSTON ST,NEW YORK,10014,MN0201,matched to NTA
E1W5TFYLLKE5,"TALKING BAND INC, THE",93 MERCER ST APT 6W,NEW YORK,10012,MN0201,matched to NTA
E2QPBMYN7YZ4,KOREAN ART FORUM INC,616 W 207TH ST 4C,NEW YORK,10034,MN1203,matched to NTA
E45VG5J91LH7,"BEAM CENTER, INC.",60 SACKETT ST,BROOKLYN,11231,BK0601,matched to NTA
E54DK8YFNUY1,CHAMBER MUSIC CONFERENCE & COMPOSERS FORUM OF THE EAST,900 W 190TH ST. #11-O,NEW YORK,10040,MN1202,matched to NTA
E6G3KDRU8R65,THE HOUSE FOUNDATION FOR THE ARTS INC,260 W BROADWAY STE 2,NEW YORK,10013,MN0102,matched to NTA
E7S2Q4L89F44,NEW YORK BOTANICAL GARDEN,2900 SOUTHERN BLVD,BRONX,10458,BX2791,matched to NTA
E89VMGHPKHE4,HARLEM PRESENTS INC,418 W 150TH ST #4,NEW YORK,10031,MN0903,matched to NTA
E9H5WYSFSD44,"VISIONINTOART PRESENTS, INC",440 KENT AVE  19A,BROOKLYN,11249,BK0102,matched to NTA
E9NGXVHGJZ99,"HOOK ARTS MEDIA, INC.",480 VAN BRUNT ST STE 203,BROOKLYN,11231,BK0601,matched to NTA
EAMPKF27DMG7,ASSITEJ-USA INC,340 E 46TH ST,NEW YORK,10017,MN0604,matched to NTA
EB9CDLFMLLK6,AXS LAB INC.,1-55 BORDEN AVE,LONG ISLAND CITY,11101,UNMAPPED,Census address unmatched
EBCABCDQJE45,"FORT GREENE PARK CONSERVANCY, INC",85 S OXFORD ST,BROOKLYN,11217,BK0203,matched to NTA
EBJHSK1D6JA5,"DIEU DONNE PAPER MILL, INC.",63 FLUSHING AVE,BROOKLYN,11205,BK0261,matched to NTA
EEGZYRKT48N5,FILOMEN M. DAGOSTINO GREENBERG MUSIC SCHOOL,2130 BROADWAY APT 1904,NEW YORK,10023,MN0702,matched to NTA
EF3ZKNWE9TC6,WOMEN OF COLOR ON BROADWAY INC,847 E 229TH ST,BRONX,10466,BX1203,matched to NTA
EF4UYM689CN5,"VINEYARD THEATRE AND WORKSHOP CENTER, INC THE",108 E 15TH ST,NEW YORK,10003,MN0602,matched to NTA
EF9BCN8PHLJ6,MABOU MINES DEV FOUNDATION,150 FIRST AVE,NEW YORK,10009,MN0303,matched to NTA
EFCHAWPJB7L7,"MARTHA GRAHAM CENTER OF CONTEMPORARY DANCE, INC.",316 E 63RD ST,NEW YORK,10065,MN0801,matched to NTA
EJ5GXJ9NKWQ3,ART OMI,55 5TH AVE,NEW YORK,10003,MN0202,matched to NTA
EJABWGUJM228,RESEARCH FOUNDATION OF THE CITY UNIVERSITY OF NEW YORK,65-30 KISSENA BLVD,FLUSHING,11367,UNMAPPED,Census address unmatched
EJEKQUUMSKB3,LUBOVITCH DANCE FOUNDATION INC,229 W 42ND ST 8TH FL,NEW YORK,10036,MN0502,matched to NTA
EK47RAJAKPL3,"NEW DANCE ALLIANCE, INC",182 DUANE ST FL 3,NEW YORK,10013,MN0102,matched to NTA
EK93EZLLBSC4,RESEARCH FOUNDATION OF THE CITY UNIVERSITY OF NEW YORK,695 PARK AVE,NEW YORK,10065,MN0802,matched to NTA
EL7EBDCF4N55,BIG DANCE THEATER,303 CLINTON ST,BROOKLYN,11231,BK0601,matched to NTA
EL8QENMLNRR9,REELABILITIES INTERNATIONAL  INC.,215 W92 APARTMENT 5E,NEW YORK,10025,MN0702,matched to NTA
ELF3BKAM6VE6,THE FLEA THEATER INC,20 THOMAS ST FL 1,NEW YORK,10007,MN0102,matched to NTA
ELJQM44W6LF4,"JACK ARTS, INC",53 PUTNAM AVE.,BROOKLYN,11238,BK0204,matched to NTA
EMATMVBVRTE1,THEATREWORKS/USA CORP.,158 W 29TH ST FL 5,NEW YORK,10001,MN0501,matched to NTA
EMV3XFRS8366,STEFANIE NELSON DANCE GROUP,468 RIVERSIDE DR APT 73,NEW YORK,10027,MN0901,matched to NTA
ENXFSQHDWYE5,HERBERT BERGHOF STUDIO INC,120 BANK ST,NEW YORK,10014,MN0203,matched to NTA
EPLMMZVH66M7,CREATIVE CAPITAL FOUNDATION,15 MAIDEN LN,NEW YORK,10038,MN0101,matched to NTA
EPV9SCPHGW67,"FLUSHING COUNCIL ON CULTURE AND THE ARTS, INC.",137-35 NORTHERN BLVD,FLUSHING,11354,QN0707,matched to NTA
EQKBNZQWMVM1,THE CIVILIANS INC,138 S OXFORD ST STE 3C,BROOKLYN,11217,BK0203,matched to NTA
EQPRAJ6LMGX5,URBAN ARTS PARTNERSHIP,39 WEST 19TH ST 5TH FL,NEW YORK,10011,MN0501,matched to NTA
EUJAL1LPB648,LES BALLET TROCKADERO DE MONTE CARLO INC,420 E 83RD ST,NEW YORK,10028,MN0803,matched to NTA
EVM4EDKDCRA5,"STEPHEN PETRONIO DANCE COMPANY, INC.",140 2ND AVE RM 504,NEW YORK,10003,MN0303,matched to NTA
EVQDM7JUFM69,"SIGNATURE THEATRE COMPANY, INC.",480 W 42ND ST,NEW YORK,10036,MN0402,matched to NTA
EXAMY1XDXXE3,JEZEBEL PRODUCTIONS INC,330 WEST 28TH ST APT 8B,NEW YORK,10001,MN0401,matched to NTA
EXUHLW5X8MC6,"INDIESPACE, INC.",48-15 28TH AVENUE,ASTORIA,11103,QN0104,matched to NTA
EZ6BEKKDYJX9,"PARALLEL EXIT, INC.",175 EASTERN PKWY APT 1K,BROOKLYN,11238,BK0801,matched to NTA
EZNBGE6N1MW6,"PLAYWRIGHTS HORIZONS, INC.",416 W 42ND ST,NEW YORK,10036,MN0402,matched to NTA
F161GNSK2G13,"INTERNATIONAL STUDIO & CURATORIAL PROGRAM, INC.",1040 METROPOLITAN AVE FL 3,BROOKLYN,11211,BK0104,matched to NTA
F21HBFKY53G3,"BLACKBERRY PRODUCTIONS, INC",730 RIVERSIDE DR APT 9E,NEW YORK,10031,MN0903,matched to NTA
F2HKR2HC4NN7,PEN PARENTIS LTD,176 BROADWAY 14F,NEW YORK,10038,MN0101,matched to NTA
F2JUMVPRKE68,"BROADWAY ADVOCACY COALITION, INC.",250 W 99TH ST APT 6A,NEW YORK,10025,MN0703,matched to NTA
F337M6HC2YH4,YOUTH JUSTICE NETWORK INC,63 W 125TH ST FL 4,NEW YORK,10027,MN1001,matched to NTA
F3TKQHNAHR85,MIND BUILDERS,3415 OLINVILLE AVE,BRONX,10467,BX1201,matched to NTA
F4N1QNPB95M4,THE TRUSTEES OF COLUMBIA UNIVERSITY IN THE CITY OF NEW YORK,116TH AND BDWY,NEW YORK,10027,MN0901,matched to NTA
F5GKTSNJCY83,"BINDLESTIFF FAMILY VARIETY ARTS, INC.",55 S 11TH ST STE 2H,BROOKLYN,11249,BK0102,matched to NTA
F5MEAKBS4HY6,"SOUND MIND LIVE, INC.",929 LORIMER ST,BROOKLYN,11222,BK0101,matched to NTA
F5VNGNSUJ2K6,DANCE CONTINUUM INC,348 W 57TH ST STE 256,NEW YORK,10019,MN0402,matched to NTA
F7KYACUN9DJ3,"BALLETCOLLECTIVE INC,",720 FORT WASHINGTON AVE,NEW YORK,10040,MN1202,matched to NTA
F8JLF7H5MYS6,BROOKLYN BOOK FESTIVAL INC,418 SACKETT ST,BROOKLYN,11231,BK0601,matched to NTA
FAC1LLNMMNU9,OFF ASSIGNMENT INC.,76 MADISON AVE,NEW YORK,10016,MN0501,matched to NTA
FAKBLMCV6QY1,"DRAMA LEAGUE OF NEW YORK, INC.",32 AVENUE OF THE AMERICAS,NEW YORK,10013,MN0102,matched to NTA
FDGYFBLDGB91,NATIONAL DANCE INSTITUTE,217 W 147TH ST,NEW YORK,10039,MN1002,matched to NTA
FDUYNMJQY6S3,EXPLORING THE ARTS INC ) NONPROFIT,34 12 36TH ST,ASTORIA,11106,QN0103,matched to NTA
FFK9UGZ6MKH5,"THE PERIDANCE ENSEMBLE, LTD",126 EAST 13TH ST,NEW YORK,10003,MN0303,matched to NTA
FGFQYZY17CG6,WNET,825 8TH AVE 14 FL,NEW YORK,10019,MN0402,matched to NTA
FK3SDK7FFL69,HARMONY PROGRAM,156 W 56TH ST,NEW YORK,10019,MN0502,matched to NTA
FKPURM9NU5K2,SAVE THE MUSIC FOUNDATION,1515 BROADWAY,NEW YORK,10036,MN0502,matched to NTA
FL43Q19L6XJ1,ARTISTS IN RESIDENCE INC,155 PLYMOUTH ST,BROOKLYN,11201,BK0202,matched to NTA
FLPCA5JDBDL4,NEW YORK SHAKESPEARE FESTIVA,425 LAFAYETTE ST,NEW YORK,10003,MN0202,matched to NTA
FLWMM3FUEEE7,"ROSIE'S THEATER KIDS, INC.",445 W 45TH ST,NEW YORK,10036,MN0402,matched to NTA
FM9LJU324K44,INTERNATIONAL FOUNDATION FOR ART RESEARCH INC,500 5TH AVE STE 935,NEW YORK,10110,MN0502,matched to NTA
FMMAVC4NEJ74,"ALLIED PRODUCTIONS, INC.",368 E 8TH ST,NEW YORK,10009,MN0303,matched to NTA
FNNSBLQY63A9,"THE APOLLO THEATER FOUNDATION, INC.",253 W 125TH ST,NEW YORK,10027,MN1001,matched to NTA
FQM5KU8FQ5L6,"AFRICAN FILM FESTIVAL, INC.",154 W 18TH ST APT 2A,NEW YORK,10011,MN0401,matched to NTA
FQM9CK4SJ3E3,BLACK SPECTRUM THEATRE CO INC,11907 MERRICK BLVD 2ND FL,JAMAICA,11434,QN1205,matched to NTA
FR7QFLHN4SS9,EN FOCO INCORPORATED,15 CANAL PLACE,BRONX,10451,BX0101,matched to NTA
FRN2HYFTB3L1,INFINITY DANCE THEATER COMPANY LTD.,220 W 93RD ST APT 6C,NEW YORK,10025,MN0702,matched to NTA
FRTUHJXMNF19,"MUSEUM OF THE CITY OF NEW YORK, INC.",1220 5TH AVE,NEW YORK,10029,UNMAPPED,Census address unmatched
FRWSYX8AKMB9,"INTERNATIONAL FILM SEMINARS, INC.",80 HANSON PL STE 603,,11217,BK0203,matched to NTA
FRX3M5FTXR83,"PEN AMERICAN CENTER, INC.",588 BROADWAY STE 303,NEW YORK,10012,MN0201,matched to NTA
FSEADMM6DJB3,"ROUNDABOUT THEATRE COMPANY, INC.",231 W 39TH ST STE 1200,NEW YORK,10018,MN0502,matched to NTA
FSG5QXKGH551,RESTLESS BOOKS INC,232 3RD ST STE A101,BROOKLYN,11215,BK0601,matched to NTA
FW3HK6SU92E7,"KYOUNG'S PACIFIC BEAT, INC.",645 E 26TH ST,BROOKLYN,11210,BK1401,matched to NTA
FWNBKLLEPF38,JUILLIARD SCHOOL,60 LINCOLN CENTER PLAZA,NEW YORK,10023,MN0701,matched to NTA
FXGJNS88RA64,PUBLIC ART FUND INC,1 E 53RD ST FL 12,NEW YORK,10022,MN0502,matched to NTA
FXZAF5532YK8,THE DREAM UNFINISHED  INC.,9018 182ND ST,HOLLIS,11423,QN1201,matched to NTA
FZC7KJ8EB316,"KEEN THEATER COMPANY, INC.",520 8TH AVE STE 328,NEW YORK,10018,MN0502,matched to NTA
FZJRLJKDDFD9,"PRIMARY STAGES CO, INC",520 8TH AVE RM 312,NEW YORK,10018,MN0502,matched to NTA
G11JPFEHG5R8,NATIONAL ASIAN AMERICAN THEATRE FESTIVAL,520 8TH AVE  STE 308,NEW YORK,10018,MN0502,matched to NTA
G2FAKMQPRRY7,MONICA BILL BARNES & COMPANY INC,41 PERRY ST 2A,NEW YORK,10014,MN0203,matched to NTA
G2X7MJXN2XJ8,"INTA, INC.",118 W 71ST ST APT 4,NEW YORK,10023,MN0701,matched to NTA
G4CKJB8JB684,"THEATRE FOR A NEW AUDIENCE, INC",154 CHRISTOPHER STE 3D,NEW YORK,10014,MN0203,matched to NTA
G4FCMJ3JRPU5,THE BILLIE HOLIDAY THEATRE INCORPORATED,1368 FULTON ST,BROOKLYN,11216,BK0301,matched to NTA
G4XNEZXDQ915,ARTISTIC FREEDOM INITIATIVE INC,77 SANDS ST,BROOKLYN,11201,BK0202,matched to NTA
G579JKWYKMM1,MAKE MUSIC NEW YORK INC,1919 24TH AVE,ASTORIA,11102,QN0101,matched to NTA
G594S5BDFGW8,BRONXARTSPACE INC,305 E 140TH ST APT 1A,BRONX,10454,BX0101,matched to NTA
G6UZP4CBPB94,PRINTED MATTER INC,231 11TH AVE,NEW YORK,10001,MN0401,matched to NTA
G6Z2M848Z3Q9,UGLY DUCKLING PRESSE LTD,232 3RD ST,BROOKLYN,11215,BK0601,matched to NTA
G744TBND8QQ5,PERCUSSIA,3722 85TH ST,JACKSON HEIGHTS,11372,QN0301,matched to NTA
G7U1F17K47E9,WIDE RAINBOW CORP,180 PARK ROW,NEW YORK,10038,MN0301,matched to NTA
G7Z5R2W6ESV4,UNIONDOCS INC,322 UNION AVE,BROOKLYN,11211,BK0102,matched to NTA
G8AGNK7XEW26,BRAATA PRODUCTIONS INC,11805 200TH ST,SAINT ALBANS,11412,QN1205,matched to NTA
G8HDW28K1844,MUSEUM OF ARTS & DESIGN,2 COLUMBUS CIR FRNT 1,NEW YORK,10019,MN0701,matched to NTA
G8STMUCK41Y5,LUNA COMPOSITION LAB  INC,203 W 85TH ST APT 32,NEW YORK,10024,MN0702,matched to NTA
G95DMYPTR2K4,CHHANDAYAN INC.,4 W 43RD ST,NEW YORK,10036,MN0502,matched to NTA
GB66JF6WFRJ1,"BALLET THEATRE FOUNDATION, INC.",890 BROADWAY 3RD FL,NEW YORK,10003,MN0501,matched to NTA
GBN3AMCN6NZ7,LATSKY DANCE INC.,400 W 43RD ST #21S,NEW YORK,10036,MN0402,matched to NTA
GBZJW78BD6K5,"CLUBBED THUMB, INC",440 LAFAYETTE ST 4TH FL,NEW YORK,10003,MN0202,matched to NTA
GCBFNQZWDN77,"GLOBALFEST, INC.",179 PROSPECT PARK W APT 4L,BROOKLYN,11215,BK0602,matched to NTA
GDD2BVK3J788,ASSOCIATION FOR DEVELOPMENT OF DRAMATIC,330 BOWERY,NEW YORK,10012,MN0202,matched to NTA
GF2AJDG4PG88,THE MOVEMENT THEATRE COMPANY INC,279 W 117TH ST APT 2Q,NEW YORK,10026,MN1001,matched to NTA
GG1KB6MV6943,CITY LORE INC,56 E 1ST ST,NEW YORK,10003,MN0303,matched to NTA
GGUBQ7FD6SN3,"JONAH BOKAER ARTS FOUNDATION, INC.",304 BOERUM ST APT 23,BROOKLYN,11206,BK0104,matched to NTA
GJULZ54Z1CH9,OPEN SOURCE GALLERY INC,257 17TH ST,BROOKLYN,11215,BK0702,matched to NTA
GKUNKEKH9125,"DANCE FILMS ASSOCIATION, INC.",75 BROAD ST RM 304,NEW YORK,10004,MN0101,matched to NTA
GKWLWNJAW9U3,DISCALCED INC,3 LAFAYETTE AVE,BROOKLYN,11217,BK0203,matched to NTA
GLHVHH983EP6,"THE BROOKLYN ACADEMY OF MUSIC, INC",30 LAFAYETTE AVE,BROOKLYN,11217,BK0203,matched to NTA
GLKVHYJKEVB5,ON SITE OPERA INC,45 SUTTON PLACE SOUTH #9E,NEW YORK,10022,MN0604,matched to NTA
GM3RLMAGGC48,"ARS NOVA THEATER I, INC.",511 W 54TH ST,NEW YORK,10019,MN0402,matched to NTA
GM48B8G7NHK3,FIASCO THEATER LTD,181 ASHLAND PL,BROOKLYN,11217,BK0203,matched to NTA
GMH8BJTAAJP7,MUSICAMBIA INC,271 HALSEY ST APT 3R,BROOKLYN,11216,BK0301,matched to NTA
GMQ5U2JNQ4Y4,DANCING IN THE STREETS INC,2825 3RD AVE STE 301,BRONX,10455,BX0102,matched to NTA
GNFPDCJ8DNR1,SOHO THINK TANK INC,154 CHRISTOPHER ST STE 3D,NEW YORK,10014,MN0203,matched to NTA
GNJKP4H4MEU1,NIGHTBOAT BOOKS INC,112 BEDFORD AVE,BROOKLYN,11249,BK0102,matched to NTA
GNLFCWQX1NS7,"MAKER PARK RADIO, INC.",37 VALENCIA AVENUE,STATEN ISLAND,10301,SI0104,matched to NTA
GNNCJS4NZL63,"THE AMERICAN FEDERATION OF ARTS, INC.",305 E 47TH ST,NEW YORK,10017,MN0604,matched to NTA
GPCTHF1VWMJ4,QUEER/ART INC.,176 GRAND ST STE 601,NEW YORK,10009,MN0201,matched to NTA
GQ54J6RGR875,GALLIM DANCE CO INC,520 CLINTON AVE,,11238,BK0204,matched to NTA
GR3FFN2PA986,RHIZOME COMMUNICATIONS INC,235 BOWERY,NEW YORK,10002,MN0302,matched to NTA
GWQ5H818QK91,"STUTTERING ASSOCIATION FOR THE YOUNG, INC.",247 WEST 37TH STREET  5TH FLOOR,NEW YORK,10018,MN0502,matched to NTA
GWVMSDZAHER5,ARTS FOR ART INC,107 SUFFOLK ST,NEW YORK,10002,MN0302,matched to NTA
GX6TAQ3JYY53,TORKOMADA INC,2070 ADAM CLAYTON POWELL JR BLVD APT 10M,NEW YORK,10027,MN1001,matched to NTA
GXTCLKANJYN4,ST LUKES CHAMBER ENSEMBLE,450 W 37TH ST,NEW YORK,10018,MN0401,matched to NTA
GZL9J8BULS73,COOPER UNION FOR THE ADVANCEMENT OF SCIENCE & ART,30 COOPER SQUARE 7TH FL,NEW YORK,10003,MN0202,matched to NTA
H17MRZGLX4N1,ARTEEAST INC,320 7TH AVE # 182,BROOKLYN,11215,BK0602,matched to NTA
H19DKLCX7PB1,YOUNG URBAN CHRISTIANS & ARTISTS INC,3213B 3RD AVE,BRONX,10451,BX0301,matched to NTA
H1MMF2C9MDP7,NEW YORK CITY BALLET,20 LINCOLN CTR PLZ,NEW YORK,10023,MN0701,matched to NTA
H29JCKHWKVU3,THE YOUNG MEN'S AND YOUNG WOMEN'S HEBREW ASSOCIATION,1395 LEXINGTON AVE,NEW YORK,10128,MN0802,matched to NTA
H2KZM6US6NB7,"CENTER FOR COMMUNICATION, INC.",195 PLYMOUTH ST STE 507,BROOKLYN,11201,BK0202,matched to NTA
H2N2YWARWK53,AITAF ARTS IN THE ARMED FORCES,220 36TH ST B520 UNIT 21,BROOKLYN,11232,BK0702,matched to NTA
H36KXRHUSCA1,"SMACK MELLON STUDIOS, INC.",92 PLYMOUTH ST,BROOKLYN,11201,BK0202,matched to NTA
H3GZM2VHWF31,"OPEN HOUSE NEW YORK, INC.",31 2ND PL,BROOKLYN,11231,BK0601,matched to NTA
H46JYCLULJ26,CALPULLI MEXICAN DANCE CO,2512 77TH ST.,EAST ELMHURST,11370,QN0301,matched to NTA
H6DXKZHSNTH9,HARLEM NEEDLE ARTS INC,2160 MADISON AVE,NEW YORK,10037,MN1102,matched to NTA
H7NCZMBXGN14,"THE PLAY PRODUCTION COMPANY, INC.",321 W 44TH ST STE 802,NEW YORK,10036,MN0402,matched to NTA
H7XMD6FW2C44,NEW MUSIC USA INC,40 WALL ST FL 6,NEW YORK,10005,MN0101,matched to NTA
HA95WJ7NY283,"BROOKLYN ARTS EXCHANGE, INC.",421 5TH AVE FL 2,BROOKLYN,11215,BK0602,matched to NTA
HAZKLK8FHR63,NYC DEPARTMENT OF PROBATION,33 BEAVER ST FL 19,NEW YORK,10004,MN0101,matched to NTA
HCXZJ7JB7KQ7,ANTHOLOGY FILM ARCHIVES,32 2ND AVE,NEW YORK,10003,MN0303,matched to NTA
HDD5GQCA2D45,ARTHUR AVILES TYPICAL THEATRE INC,2474 WESTCHESTER AVE,BRONX,10461,BX1001,matched to NTA
HFYELRSN4DZ3,"PREGONES PUERTO RICAN TRAVELING THEATER, INC.",571 WALTON AVE # 575,BRONX,10451,BX0401,matched to NTA
HGDMAVJHJA79,AQUILA THEATRE COMPANY,100 WASHINGTON SQ E # 503,NEW YORK,10003,MN0202,matched to NTA
HGMCNT3HRJ85,VAN ALEN INSTITUTE PROJECTS IN PUBLIC ARCHITECTURE,303 BOND ST,BROOKLYN,11231,BK0601,matched to NTA
HJ7MC5489N65,HALEAKALA INC,512 W 19TH ST,NEW YORK,10011,MN0401,matched to NTA
HJCWATNGZN66,"WESTBETH CORP. HOUSING DEVELOPMENT FUND COMPANY, INC.",463 WEST ST,NEW YORK,10014,UNMAPPED,Census address unmatched
HJW3EG8E46M4,NEWTOWN CREEK ALLIANCE INCORPORATED,520 KINGSLAND AVENUE,BROOKLYN,11222,BK0101,matched to NTA
HKSVZM9TJKD8,"NEW YIDDISH REPERTORY THEATER, INC",315 W 39TH ST RM 902,NEW YORK,10018,MN0402,matched to NTA
HL3EY91NDB33,SUMMERTIME GALLERY INC,145 AINSLIE ST,BROOKLYN,11211,BK0104,matched to NTA
HLVYNB632ZL6,KINGS MAJESTIC CORP,1000 DEAN ST,BROOKLYN,11238,BK0802,matched to NTA
HM2NEDMYTD68,RED BULL THEATER INC.,191 SEVENTH AVE STE 2S,NEW YORK,10011,MN0401,matched to NTA
HM6BV3LM61R3,ELECTRIC LITERATURE,147 PRINCE ST,BROOKLYN,11201,UNMAPPED,Census address unmatched
HM8HCN5Y1634,SOCIETY OF THE THIRD STREET MUSIC SCHOOL SETTLEMENT,235 E 11TH ST FRNT,NEW YORK,10003,MN0303,matched to NTA
HMFMGXRU6MK8,"COOL CULTURE, INC",80 HANSON PL STE 605,BROOKLYN,11217,BK0203,matched to NTA
HMZXW6H7KSF4,"THE ENSEMBLE STUDIO THEATRE, INC.",545 W 52ND ST 2ND FL,NEW YORK,10019,MN0402,matched to NTA
HNT8Q52EGBL5,"THE FLYING CARPET THEATER, INC.",4338 47TH ST STE A,SUNNYSIDE,11104,QN0202,matched to NTA
HPJ5ANU71H34,OFF THE PAGE INC,29 REEVE PL,BROOKLYN,11218,BK0701,matched to NTA
HPMSDMFENT73,THE CITY COLLEGE CENTER FOR THE ARTS INC,160 CONVENT AVE STE 205 WILLE,NEW YORK,10031,MN0902,matched to NTA
HQ1XPMEK9JS1,LAMBDA LITERARY FOUNDATION,520 8TH AVE RM 2200,NEW YORK,10018,MN0502,matched to NTA
HQMMZ7JWZWF6,BOUNDLESS THEATRE CO INC,4121 42ND ST APT 6D,SUNNYSIDE,11104,QN0202,matched to NTA
HRF5C6MS77K4,THE POETRY SOCIETY OF AMERICA,15 GRAMERCY PARK,NEW YORK,10003,UNMAPPED,Census address unmatched
HSJSZLEAG1P3,GIRL BE HEARD INSTITUTE,20 JAY ST STE 209,BROOKLYN,11201,BK0202,matched to NTA
HTN9E31UACP6,ARTS RESOURCES IN COLLABO,70 E 10TH ST,NEW YORK,10003,MN0202,matched to NTA
HU8HBYKG6515,LOWER MANHATTAN CULTURAL COUNCIL INC,125 MAIDEN LN FL 2,NEW YORK,10038,MN0101,matched to NTA
HUNEM5ELJWN5,MAYI FILIPINO THEATRE ENSEMBLE INC,330 W 38TH ST RM 902,NEW YORK,10018,MN0401,matched to NTA
HV2BTBNK7MV5,"DANSPACE PROJECT, INC.",131 E 10TH ST,NEW YORK,10003,MN0303,matched to NTA
HVHTPYVCW9D3,PROJECT FOR EMPTY SPACE INC,112 EMERSON PL STE 1,BROOKLYN,11205,BK0204,matched to NTA
HX61AB6U5RU8,"BARYSHNIKOV ARTS CENTER, INC.",450 W 37TH ST,NEW YORK,10018,MN0401,matched to NTA
HXU3HNKYC7N1,DANCE SERVICE NEW YORK CITY IN,218 EAST 18TH STREET 4TH FLOOR,NEW YORK,10012,MN0602,matched to NTA
J1L9KWW9URJ7,ROOFTOP FILMS INC,232 3RD ST STE E103,BROOKLYN,11215,BK0601,matched to NTA
J1X8WHNND3D8,"WATERWELL PRODUCTIONS, INC.",519 W. 135TH STREET STE 6B,NEW YORK,10031,MN0902,matched to NTA
J2ZZMBFHFYV6,"NEW YORK CLASSICAL THEATRE, INC.",64 FULTON STREET ROOM 1108,NEW YORK,10038,MN0101,matched to NTA
J3C4KSX19J46,"NATIONAL GUILD FOR COMMUNITY ARTS EDUCATION, INC.",520 8TH AVE STE 302,NEW YORK,10018,MN0502,matched to NTA
J4Z8T817GNW7,BANG ON A CAN INC.,80 HANSON PL STE 301,BROOKLYN,11217,BK0203,matched to NTA
J7CMQ9EU8JN3,JAZZMOBILE INC,163 W 125TH ST,NEW YORK,10027,MN1001,matched to NTA
J7NMB1TCJMD1,"24 HOUR CO, THE",177 DWIGHT ST STE 3F,BROOKLYN,11231,BK0601,matched to NTA
J8YSKKQYNNM9,BYRD HOFFMAN WATER MILL FOUNDATION,115 W 29TH ST FL 10,NEW YORK,10001,MN0501,matched to NTA
J913XFJU68U9,"THE NOEL POINTER FOUNDATION, INC",247 HERKIMER ST FL 1,BROOKLYN,11216,BK0301,matched to NTA
JANXQBHZMPQ1,PROSPECT THEATER COMPANY INC,520 8TH AVE,NEW YORK,10018,MN0502,matched to NTA
JBEEERT19TM6,"STEVEN MYRON HOLL FOUNDATION, INC.",450 W 31ST ST FL 11,NEW YORK,10001,MN0401,matched to NTA
JD74G4WSWCK7,"YOUNG AUDIENCES, INC.",171 MADISON AVE STE 200,NEW YORK,10016,MN0501,matched to NTA
JD9SLBAJA987,"FESTIVAL OF CINEMA, INC",60 1ST AVE APT 12C,NEW YORK,10009,MN0303,matched to NTA
JDLSAANLYSP4,THE FEATH3R THEORY,440 PROSPECT AVE APT 2F,BROOKLYN,11215,BK0701,matched to NTA
JE6YA3ANMKV5,"KUNDIMAN, INC",113 W 60TH ST RM 924,NEW YORK,10023,MN0701,matched to NTA
JELJEDAMJ695,CO LAB THEATER GROUP INC,434 W 33RD ST STE 818,NEW YORK,10001,MN0401,matched to NTA
JF9NUPXWKEM5,"THE THELMA HILL PERFORMING ARTS CENTER, INC.",1525 PACIFIC ST,BROOKLYN,11213,BK0802,matched to NTA
JGTSSUU1EJE7,"THE POETRY SOCIETY OF NEW YORK, INC.",732 4TH AVE,BROOKLYN,11232,BK0702,matched to NTA
JJDLMJAT91P3,THE ASIAN AMERICAN WRITERS WORKSHOP INCORPORATED,112 W 27TH ST STE 600,NEW YORK,10001,MN0501,matched to NTA
JJZJNNKR8J26,URBANGLASS / NEW YORK CONTEMPORARY GLASS CENTER INC.,647 FULTON ST FLR 3,BROOKLYN,11217,BK0203,matched to NTA
JKWDJ73APW43,"EN GARDE ARTS, INC.",109 BERGEN ST,BROOKLYN,11201,BK0202,matched to NTA
JKZ9PL6EWXU5,THE AMERICAN VICARIOUS INC,200 6TH ST  STE 3A,BROOKLYN,11215,BK0601,matched to NTA
JLLCR3XNY8L4,BROOKLYN CONSERVATORY OF MUSIC INC,58 7TH AVE,BROOKLYN,11217,BK0602,matched to NTA
JM1MZAN55SN1,EPIC THEATRE CENTER INC,3101 VERNON BLVD PH 12,ASTORIA,11106,QN0102,matched to NTA
JM7EYZZDUF33,APERTURE FOUNDATION INC,548 W 28TH ST FL 4,NEW YORK,10001,MN0401,matched to NTA
JMGPE5JJPS69,AMERICAN COMPOSERS ALLIANCE,567 FORT WASHINGTON AVE,NEW YORK,10033,MN1202,matched to NTA
JMKMNGF9E569,"ORIGINAL MUSIC WORKSHOP, INC.",80 N 6TH ST,BROOKLYN,11249,BK0102,matched to NTA
JMPMC776L8C3,MUSIC FORWARD,1275 PROSPECT AVE,BROOKLYN,11218,BK0701,matched to NTA
JNPAVUFLQJ38,"MUSICAL MENTORS COLLABORATIVE, INC",155 E 34TH ST APT 20C,NEW YORK,10016,MN0603,matched to NTA
JNQFZNMEYGB3,RESEARCH FOUNDATION OF THE CITY UNIVERSITY OF NEW YORK,1150 CARROLL ST,BROOKLYN,11225,BK0901,matched to NTA
JNZ1MMGN2R73,"CAMERA NEWS, INC",545 8TH AVE STE 550,NEW YORK,10018,MN0401,matched to NTA
JPBGA1KBMBG8,SOHARLEM,1361 AMSTERDAM AVE STE 340,NEW YORK,10027,MN0902,matched to NTA
JPK5NBF9NVV5,"PROCESSING FOUNDATION, INC",7 W 96TH ST,NEW YORK,10025,MN0702,matched to NTA
JRDCFB4LK1L5,"JAPAN SOCIETY, INC.",333 E 47TH ST,NEW YORK,10017,MN0604,matched to NTA
JSJ5RGYSZY41,MUSIC ON THE INSIDE INC,205 W END AVE,NEW YORK,10023,MN0701,matched to NTA
JSJVJ2TSVMT5,"HARLEM STAGE, INC",150 CONVENT AVE,NEW YORK,10031,MN0902,matched to NTA
JVHNMBJ2V427,"THE FORUM FOR URBAN DESIGN, INC.",114 BOWERY STE 301,NEW YORK,10013,MN0201,matched to NTA
JWNMWNJ6NTG6,ARTISTIC DREAMS INTERNATIONAL INC,48 WALL ST,NEW YORK,10005,MN0101,matched to NTA
JWPWQN1K2A89,"JAZZ AT LINCOLN CENTER, INC.",3 COLUMBUS CIR 12TH FL,NEW YORK,10019,MN0701,matched to NTA
JX99M9KYYUG3,YARN/WIRE INC,1717 TROUTMAN ST,RIDGEWOOD,11385,UNMAPPED,Census address unmatched
JZANMJ84PM28,WORDS WITHOUT BORDERS,147 PRINCE ST,BROOKLYN,11201,UNMAPPED,Census address unmatched
JZR6ZJM3L4V8,PAGE SEVENTY-THREE PRODUCTIONS INC,80 HANSON PL STE 305,BROOKLYN,11217,BK0203,matched to NTA
K11BSN6H25M3,"NEW YORK EDGE, INC.",58-12 QUEENS BLVD  STE 1,WOODSIDE,11377,QN0203,matched to NTA
K1EVYF1QTLV9,CENTER FOR ART LAW,195 PLYMOUTH ST,BROOKLYN,11201,BK0202,matched to NTA
K1J8AM81PF23,LOCAL LEARNING: THE NATIONAL NETWORK FOR FOLK ARTS IN EDUCATION,56 E 1ST ST,NEW YORK,10003,MN0303,matched to NTA
K2F4FLBS1NJ3,DA CAPO CHAMBER PLAYERS INC,215 W 90TH ST,NEW YORK,10024,MN0702,matched to NTA
K4URHA156K35,KING MANOR ASSOCIATION OF LONG,9004 161ST ST,,11432,QN1201,matched to NTA
K4YDR2YJ9U51,"YOUNG CONCERT ARTISTS, INC.",1776 BROADWAY STE 1500,NEW YORK,10019,MN0502,matched to NTA
K61DVQNJ4934,CAVE ORGANIZATION INC,58 GRAND ST,BROOKLYN,11249,BK0102,matched to NTA
K7SFT4LL2DL7,MUSEUM OF CONTEMPORARY AFRICAN DIASPORIAN ARTS INC,80 HANSON PL,BROOKLYN,11217,BK0203,matched to NTA
KAMAHBBVBTS1,PLAYWRIGHTS REALM INC,520 8TH AVE,NEW YORK,10018,MN0502,matched to NTA
KAREMLF14TF9,"PARIS REVIEW FOUNDATION, INC THE",544 W 27TH ST FL 3,NEW YORK,10001,MN0401,matched to NTA
KC3SUWVWJSU4,"CENTER FOR CURATORIAL LEADERSHIP, INC.",174 E 80TH ST,NEW YORK,10075,MN0802,matched to NTA
KC6HK5FVF651,THE LAUNDROMAT PROJECT INC,1476 FULTON ST,BROOKLYN,11216,BK0302,matched to NTA
KCWFHDGGNF86,"IFETAYO CULTURAL ARTS ACADEMY, INC",495 FLATBUSH AVE,BROOKLYN,11225,BK0902,matched to NTA
KD8DJYR4B161,JACK MUSIC INC,350 FORT WASHINGTON AVE,NEW YORK,10033,MN1201,matched to NTA
KDMQF4K7Y5X7,AMERICAN FOLK ART MUSEUM,4729 32ND PL,LONG ISLAND CITY,11101,QN0202,matched to NTA
KEEKXCSLA2T4,YAA SAMAR DANCE THEATRE,228 NORMAN AVE,BROOKLYN,11222,BK0101,matched to NTA
KGB4CAJYGJN5,LOCAL INITIATIVES SUPPORT CORPORATION,28 LIBERTY ST FL 34,NEW YORK,10005,MN0101,matched to NTA
KHAGC8WHFLJ1,NEW DRAMATISTS INC,424 W 44TH ST,NEW YORK,10036,MN0402,matched to NTA
KHGNTCUW68L3,THE METROPOLITAN MUSEUM OF ART,1000 5TH AVE,NEW YORK,10028,MN6491,matched to NTA
KJR3UQ76HZK7,CONTEMPORANEOUS INC,200 CHAMBERS ST,NEW YORK,10007,MN0102,matched to NTA
KK5MGU7H2HV5,PARTICIPANT INC,116 ELIZABETH ST,NEW YORK,10013,MN0201,matched to NTA
KKQFBNMSRKK8,MONO NO AWARE,302 BEDFORD AVE,BROOKLYN,11249,BK0102,matched to NTA
KLJUXC6MZNL5,VOICES IN CONTEMPORARY ART INC,70 WASHINGTON SQ S # 8SW,NEW YORK,10014,MN0202,matched to NTA
KNM7JUGFHBS3,SHOLEM ALEICHEM FOLK SCHOOL,3301 BAINBRIDGE AVE,BRONX,10467,BX0703,matched to NTA
KPCVLD6KFR13,QUEENS MUSEUM OF ART,52-01 GRAND CENTRAL PKWY,CORONA,11368,UNMAPPED,Census address unmatched
KRCFCE7E2SL7,NATIONAL ASIAN ARTISTS PROJECT,10 WEST 66TH STREET  STE. 23C,NEW YORK,10023,MN0701,matched to NTA
KRJAJW14V3L7,"MENCIUS SOCIETY FOR THE ARTS, INC",175 DELANCEY ST # 4,NEW YORK,10002,MN0302,matched to NTA
KSXFH2P5G167,"AMERICAN COMPOSERS ORCHESTRA, INC.",494 8TH AVE  SUITE 503,NEW YORK,10001,MN0502,matched to NTA
KTUEX92W2DF7,"CENTER FOR URBAN PEDAGOGY INC, THE",232 3RD ST STE D201,BROOKLYN,11215,BK0601,matched to NTA
KU4ZCLZUDUF1,BLACK PUBLIC MEDIA INC.,68 E 131ST ST FL 7,NEW YORK,10035,MN1102,matched to NTA
KUUGNJJWS8L4,GINGOLD THEATRICAL GROUP INC,520 8TH AVE,NEW YORK,10018,MN0502,matched to NTA
KUVLWLAGWWF5,POETS & WRITERS INC,90 BROAD ST STE 2100,NEW YORK,10004,MN0101,matched to NTA
KVW1QHEA8L31,NEW ART PUBLICATIONS INC,80 HANSON PL STE 703,BROOKLYN,11217,BK0203,matched to NTA
KYH5T5EJCR78,"TECTONIC THEATER PROJECT, INC.",340 W 42ND ST STE 2624,NEW YORK,10036,MN0402,matched to NTA
KYL1E52G33G3,GROUP 1 ACTING CO INC,630 NINTH AVENUE,NEW YORK,10036,MN0402,matched to NTA
KYNFKCN5K311,RUBIN MUSEUM OF ART AKA SHELLEY AND DONALD RUBIN CULTURAL TRUST,150 W 17TH ST,NEW YORK,10011,MN0401,matched to NTA
KZM9K366AS36,THE VANGELINE THEATER INC,494 COURT ST APT 4,BROOKLYN,11231,BK0601,matched to NTA
L1MWNJ58QTL7,ART CREATES US INC.,247 WATER ST STE 403,BROOKLYN,11201,BK0202,matched to NTA
L2CSCEZE6K75,COUNCIL OF LITERARY MAGAZINES AND PRESSES,154 CHRISTOPHER ST  STE-3C,NEW YORK,10014,MN0203,matched to NTA
L563U6JE7PC5,"ORPHEUS CHAMBER ORCHESTRA, INC.",490 RIVERSIDE DR,NEW YORK,10027,MN0901,matched to NTA
L5BXSRYLNNA8,BALLET HISPANICO OF NEW YORK,167 W 89TH ST,NEW YORK,10024,MN0702,matched to NTA
L5DML545DUL1,"FILM AT LINCOLN CENTER, INC.",70 LINCOLN CENTER PLAZA FL 4,NEW YORK,10023,MN0701,matched to NTA
L5MNLJNNNQF5,SECOND STAGE THEATRE,307 W 43RD ST,NEW YORK,10036,MN0402,matched to NTA
L6MBRFDNDJM9,ARTS FOR ALL INC,116 W 23RD ST 5TH FL,NEW YORK,10011,MN0401,matched to NTA
L6YNSFSRKYJ5,US BIENNIAL,401 BROADWAY FL 23,NEW YORK,10013,MN0102,matched to NTA
L7W3KMT185L9,NEW CAMERATA OPERA INC,3850 SEDGWICK AVE APT 9J,BRONX,10463,BX0702,matched to NTA
L82NPKWZQUA9,ELEVATOR REPAIR SERVICE,47 GREAT JONES ST 3FL,NEW YORK,10012,MN0202,matched to NTA
L8LEL8DDZ4H4,"TEACHERS AND WRITERS COLLABORATIVE, INC.",20 WEST 20TH STREET,NEW YORK,10011,MN0501,matched to NTA
L952KGDMSLV5,RESEARCH FOUNDATION OF THE CITY UNIVERSITY OF NEW YORK,160 CONVENT AVE,NEW YORK,10031,MN0902,matched to NTA
L9RCYQWTL6K5,BROOKLYN PUBLIC LIBRARY,10 GRAND ARMY PLAZA,BROOKLYN,11238,BK0602,matched to NTA
LA7BYFGNLQB6,"STORYCORPS, INC.",80 HANSON PL # 2,BROOKLYN,11217,BK0203,matched to NTA
LAAQWMUTMD16,"A BETTER JAMAICA, INC.",114-73 178TH ST,JAMAICA,11434,QN1205,matched to NTA
LAERJQA9G8K9,FRANKLIN FURNACE ARCHIVE INC,200 WILLOUGHBY AVE,BROOKLYN,11205,BK0204,matched to NTA
LAN8EDWZTVL1,"EMIT THEATRE, INC",3036 49TH ST APT 3N,ASTORIA,11103,QN0104,matched to NTA
LB1HRHML4ND3,"DANCEWAVE, INC.",182 4TH AVE,BROOKLYN,11217,BK0601,matched to NTA
LC7MCKGG91J5,TERREFORM ONE (OPEN NETWORK ECOLOGY) CORP.,63 FLUSHING AVE UNIT 212 STE 201,BROOKLYN,11205,BK0261,matched to NTA
LF4LLC8TXDG2,"LINCOLN CENTER FOR THE PERFORMING ARTS, INC.",70 LINCOLN CENTER PLZ,NEW YORK,10023,MN0701,matched to NTA
LF4MRWBV5Q23,"PARITY PRODUCTIONS, INC.",450 W 17TH ST APT 604,NEW YORK,10011,MN0401,matched to NTA
LFY1X4DDGP15,THE CARNEGIE HALL CORPORATION,881 SEVENTH AVE AT 57TH ST,NEW YORK,10019,MN0502,matched to NTA
LG6YHMJWE333,ALARM WILL SOUND INC,477 17TH ST APT 7,BROOKLYN,11215,BK0701,matched to NTA
LGDFJ2PJJB72,"THE ASSOCIATION FOR CULTURAL EQUITY, INC",425 E 25TH STREET ROOM 1000,NEW YORK,10010,MN0603,matched to NTA
LGNSCJMNDMD6,"52ND STREET PROJECT, INC.",789 10TH AVE,NEW YORK,10019,MN0402,matched to NTA
LH8GEPPSBYN1,ABRAHAM IN MOTION INC % KYLE ABRAHAM,219 W 19TH STREET,NEW YORK,10011,MN0401,matched to NTA
LHZRDSWN2B46,IRISH REPERTORY THEATER INC,132 W 22ND ST STE 2,,10011,MN0401,matched to NTA
LKH8GJW76MM8,"PERFORMA, INC.",100 W 23RD ST,NEW YORK,10011,MN0401,matched to NTA
LLBAA2AAELM3,SOCIETY OF EDUCATIONAL ARTS INC,107 SUFFOLK ST,NEW YORK,10002,MN0302,matched to NTA
LLH5Z1BHG581,"CHICKEN & EGG FILMS, INC.",55 WASHINGTON ST STE 307,BROOKLYN,11201,BK0202,matched to NTA
LLHXDTCHXX66,ONLY MAKE BELIEVE INC,121 W 27TH ST STE 403,NEW YORK,10001,MN0501,matched to NTA
LLVYVX1KXJ47,HARLEM FILM HOUSE INC.,8 W 126TH ST,NEW YORK,10027,MN1001,matched to NTA
LMNLAN3VBQH9,"AMERICAN TAP DANCE FOUNDATION, INC.",154 CHRISTOPHER ST STE 2B,NEW YORK,10014,MN0203,matched to NTA
LN5XEGA8MEE7,"STUDIO MUSEUM IN HARLEM, INC.",144 W 125TH ST FL 2,NEW YORK,10027,MN1001,matched to NTA
LPGBGESAYVN7,"GRAND CANYON MUSIC FESTIVAL, INC.",280 RIVERSIDE DR #3B,NEW YORK,10025,MN0703,matched to NTA
LPQ1NHRK78M9,BARNARD COLLEGE,3009 BROADWAY,NEW YORK,10027,MN0901,matched to NTA
LRMWSGQUNGF3,"ALVIN AILEY DANCE FOUNDATION, INC.",405 W 55TH ST,NEW YORK,10019,MN0402,matched to NTA
LUE9B6MDL4N5,PRATT INSTITUTE,200 WILLOUGHBY AVE,BROOKLYN,11205,BK0204,matched to NTA
LUMGHR6XW993,CABD INC,17232 133RD AVE,JAMAICA,11434,QN1204,matched to NTA
LV23NXPR7DN3,"THE JAZZ FOUNDATION OF AMERICA, INC.",247 W 37TH ST RM 201A,NEW YORK,10018,MN0502,matched to NTA
LX47YJQNEXB4,"GIRLS WRITE NOW, INC",247 W 37TH ST RM 1000,NEW YORK,10018,MN0502,matched to NTA
LXKNN69WFLZ9,CREATIVE NETWERK,25-18 43RD ST,ASTORIA,11103,QN0104,matched to NTA
LY3UKGR9R4S5,"THE PERFORMANCE ZONE, INC.",75 MAIDEN LANE SUITE 906,NEW YORK,10038,MN0101,matched to NTA
LZHQVCKC5UB8,REMIX CULTURE INC,582 MARCY AVE  APT 4A,BROOKLYN,11206,BK0301,matched to NTA
M12VD7WEEFM9,"ROCKAWAY WATERFRONT ALLIANCE, INC.",5803 ROCKAWAY BEACH BLVD,ARVERNE,11692,UNMAPPED,Census address unmatched
M1AUV4EN6UE5,"NEW YORK LIVE ARTS, INC",219 W 19TH ST,NEW YORK,10011,MN0401,matched to NTA
M1YKMBY5TG89,STORYVILLE CENTER FOR THE SPOKEN WORD INC,75 BROAD ST,NEW YORK,10004,MN0101,matched to NTA
M3DHRNGE8EA8,THRESH INC.,46-60 156TH ST,FLUSHING,11355,QN0705,matched to NTA
M3FXUGKZKEM3,ORCHESTRATING DREAMS INC,178 BENNETT AVE,NEW YORK,10040,MN1202,matched to NTA
M5LMDZG82WN9,"AMAS MUSICAL THEATRE, INC.",630 9TH AVE STE 1205,NEW YORK,10036,MN0402,matched to NTA
M5XBSLG9SDX6,THE MAP FUND INC.,577 GRAND ST,NEW YORK,10002,MN0302,matched to NTA
M7FPDYAMZG91,RED HOOK ART PROJECT INC,291 VAN BRUNT ST,BROOKLYN,11231,BK0601,matched to NTA
M8SVJNGJ3YP1,AFRO-LATIN JAZZ ALLIANCE INC,646 MALCOM X BLVD STE 205,NEW YORK,10037,MN1002,matched to NTA
MAYMMWENJ1N5,NEW YORK STUDIO SCHOOL,8 W 8TH ST,NEW YORK,10011,MN0202,matched to NTA
MB79K5AMR5D1,NAT L ALLIANCE FOR MUSICA THEA,520 EIGHTH AVE STE 301,NEW YORK,10018,MN0502,matched to NTA
MCK1HAKXDFY8,REMOTE THEATER PROJECT,406 E 5TH ST,BROOKLYN,11218,BK1203,matched to NTA
MD8NJBK16EZ8,DRAMA CLUB INC,3405 80TH ST APT 41,JACKSON HEIGHTS,11372,QN0301,matched to NTA
MDDCVCM78KT5,CAMERA CLUB OF NY,126 BAXTER STREET,NEW YORK,10013,MN0201,matched to NTA
MEAKFE8D6W76,"THEATRE COMMUNICATIONS GROUP, INC",520 8TH AVE FL 24,NEW YORK,10018,MN0502,matched to NTA
MFZBN62JDLS6,"STOREFRONT FOR ART & ARCHITECTURE, INC.",97 KENMARE ST,NEW YORK,10012,MN0201,matched to NTA
MGE1K57JEDR4,THE NOBLE MARITIME COLLEC,1000 RICHMOND TER,STATEN ISLAND,10301,SI0191,matched to NTA
MGK3DGEF9359,SCULPTURE CENTER,4419 PURVES ST,LONG ISLAND CITY,11101,QN0201,matched to NTA
MGLQN986KLU7,"TARGET MARGIN THEATER, INC",232 52ND ST,BROOKLYN,11220,BK0702,matched to NTA
MHF3WYTG9MT8,"THE CENTER FOR ARCHITECTURE, INC.",536 LAGUARDIA PL,NEW YORK,10012,MN0202,matched to NTA
MHK6GFMNCG35,"THE NEW FESTIVAL, INC.",26 3RD ST APT 3L,BROOKLYN,11231,BK0601,matched to NTA
MJH9HZUK27M6,"THE MARTHA GRAHAM SCHOOL OF CONTEMPORARY DANCE, INC.",316 E 63RD ST FRNT A,NEW YORK,10065,MN0801,matched to NTA
MJPYBJBLLDG4,"NEW YORK THEATRE BARN, INCORPORATED",520 EIGHTH AVENUE  SUITE 355,NEW YORK,10018,MN0502,matched to NTA
MJSVL2YMBCJ4,FLUX FACTORY INC,3838 43RD ST STE C,LONG ISLAND CITY,11101,QN0261,matched to NTA
MK6ZNYMZZYN3,ART SWEATS INC,540 E 6TH ST APT 6B,NEW YORK,10009,MN0303,matched to NTA
MKGRJTNMJ2N1,DANCE PARADE INC,455 FDR DRIVE  APT B104,NEW YORK,10002,UNMAPPED,Census address unmatched
MKHRZT3BLQG4,"THEATRE OF THE OPPRESSED NYC, INC.",758 8TH AVE STE 300,NEW YORK,10036,MN0502,matched to NTA
MKJ8DBMNRBZ4,ROULETTE,509 ATLANTIC AVE,BROOKLYN,11217,BK0202,matched to NTA
MKL2ZUPWF4N1,"WILD PROJECT PRODUCTIONS, INC.",195 E 3RD ST,NEW YORK,10009,MN0303,matched to NTA
MKQAZXAJC267,"LEARNING THROUGH AN EXPANDED ARTS PROGRAM, INC",535 8TH AVE STE 1100,NEW YORK,10018,MN0401,matched to NTA
MLU7JHA95E57,THE JAZZ GALLERY,1160 BROADWAY,NEW YORK,10001,MN0501,matched to NTA
MMEBHQ9CZVZ1,"WORKS AND PROCESS, INC.",155 E 44TH ST,NEW YORK,10017,MN0604,matched to NTA
MMRKPC5LB339,STORYLINE INC,1296 WILLOUGHBY AVE,BROOKLYN,11237,BK0401,matched to NTA
MNEQG4EXWGB8,"HESTER STREET COLLABORATIVE, INC",113 HESTER ST,NEW YORK,10002,MN0301,matched to NTA
MNJDKB4FXLM6,THE AMERICAN MUSEUM OF NATURAL HISTORY,200 CENTRAL PARK W,NEW YORK,10024,MN0702,matched to NTA
MNJGAB6BJLN6,WHITNEY MUSEUM OF AMERICAN ART,99 GANSEVOORT ST,NEW YORK,10014,MN0203,matched to NTA
MNK9XUN39971,SOCRATES SCULPTURE PARK,3201 VERNON BLVD,ASTORIA,11106,QN0105,matched to NTA
MNUMNS91GP86,AMERICAN SYMPHONY ORCHESTRA LEAGUE,520 8TH AVE RM 2005,NEW YORK,10018,MN0502,matched to NTA
MNWFN6B4MY45,"LIFE JACKET THEATRE COMPANY, INC.",51 JANE ST APT 10,NEW YORK,10014,MN0203,matched to NTA
MP8JLHNAD8B7,"MARQUIS STUDIOS, LTD.",20 JAY ST STE 826,BROOKLYN,11201,BK0202,matched to NTA
MPAVNSMECLD6,ARTHUR MILLER FOUNDATION,56 W 12TH ST APT 2,NEW YORK,10011,MN0202,matched to NTA
MPWSSENH65A8,"MUSEUM HUE, INC",1000 DEAN ST STE 232,BROOKLYN,11238,BK0802,matched to NTA
MRDFW8TEK6Q8,AAMC FOUNDATION,174 E 80TH ST,NEW YORK,10075,MN0802,matched to NTA
MV6KZDL5LXL3,THEATER ET AL INC,3833 24TH ST,LONG ISLAND CITY,11101,QN0105,matched to NTA
MVBMGW9N79P5,"NEW YORK KOREAN PERFORMING ARTS CENTER, INC., THE",142 W 49TH ST STE 210,NEW YORK,10019,MN0502,matched to NTA
MVQVZGUTJLV6,SANDBOX PERCUSSION INC,169 54TH ST,BROOKLYN,11220,BK0702,matched to NTA
MVR8BC2ZUZW9,WHOOP DEE DOO INC,111 PIONEER STREET,BROOKLYN,11231,BK0601,matched to NTA
MXFKS5UA4WK5,"PERFORMANCE SPACE 122, INC.",150 1ST AVE,NEW YORK,10009,MN0303,matched to NTA
MYVKEZKLBCA5,"ST. ANN'S WAREHOUSE, INC",45 WATER STREET,BROOKLYN,11201,BK0202,matched to NTA
MZBMZEFRN7R7,JOSE LIMON DANCE FOUNDATION INC,466 W 152ND ST # 2,NEW YORK,10031,MN0903,matched to NTA
MZKYG2QG8KK8,EDUCATION THROUGH MUSIC INC,122 E 42ND ST STE 1501,NEW YORK,10168,MN0603,matched to NTA
MZLNNHXC1H16,BORN DANCING INC,812 W 181ST ST APT 36,NEW YORK,10033,MN1202,matched to NTA
MZN3H9TA1J24,CENTER FOR ART TRADITION & CULTURAL HERITAGE INC,72 E 1ST ST,NEW YORK,10003,MN0303,matched to NTA
N1L6MFZ5G235,JEWISH MUSEUM,1109 5TH AVE 92 ST,NEW YORK,10128,MN0802,matched to NTA
N1Q6PW3JN8N6,"YOUNG AUDIENCES NEW YORK, INC.",1 E 53D ST,NEW YORK,10022,UNMAPPED,Census address unmatched
N244MNTNMBH9,VIBE THEATER EXPERIENCE,138 S OXFORD ST STE 4D,BROOKLYN,11217,BK0203,matched to NTA
N2BTRGALT2N5,"THE NEW YORK CHORAL SOCIETY, INC.",119 W 57TH ST,NEW YORK,10019,MN0502,matched to NTA
N2HFFEBLXGJ3,BELLEVUE LITERARY REVIEW INC,149 E 23RD ST STE 1516,NEW YORK,10010,MN0602,matched to NTA
N31DCMC8MDG8,AMERICAN LYRIC THEATER CENTER INC,410 W 42ND ST,NEW YORK,10036,MN0402,matched to NTA
N3MTTSMSBUW5,INTERNATIONAL CENTER OF PHOTOGRAPHY,79 ESSEX ST,NEW YORK,10002,MN0302,matched to NTA
N3TSJ4NKCJE3,"RADICAL EVOLUTION PERFORMANCE COLLECTIVE, INC",235 HAWTHORNE ST APT 6A,BROOKLYN,11225,BK0902,matched to NTA
N4RVNH7VNJQ4,SEVEN LOAVES,309 EAST 4TH STREET,NEW YORK,10009,MN0303,matched to NTA
N4Y5HW5X3HR3,DMF YOUTH INC,308 W 104TH ST,NEW YORK,10025,MN0703,matched to NTA
N5C1K6NL7JN9,CONCERT ARTISTS GUILD INC,135 E 57TH ST UNIT 100,NEW YORK,10022,MN0604,matched to NTA
N61ZE3LRSDU7,DANCE SPOTLIGHT INC,156 WEST 44TH ST STE 7,NEW YORK,10036,MN0502,matched to NTA
N6CRDPF1ZV53,"THE GHETTO FILM SCHOOL, INC.",79 ALEXANDER AVE STE 41A,BRONX,10454,BX0101,matched to NTA
N6M5FJ4YHKA8,AMERICAN DANCE MACHINE FO,45 E 80TH ST,NEW YORK,10075,MN0802,matched to NTA
N7MGHD87KPF8,POETRY PROJECT LTD INC,131 E 10TH ST,NEW YORK,10003,MN0303,matched to NTA
N7QXVP2GLLS8,BROOKLYN ART SONG SOCIETY INC,60 E 8TH ST APT 30E,NEW YORK,10003,MN0202,matched to NTA
N7SKL1K1SS35,"ASIAN CULTURAL COUNCIL, INC.",ONE ROCKEFELLER PLAZA SUITE 2500,NEW YORK,10020,MN0502,matched to NTA
N9AJGKJKA4G8,"THE TIME IN CHILDREN'S ARTS INITIATIVE, INC.",723 HUMBOLDT ST APT 3,BROOKLYN,11222,BK0101,matched to NTA
N9E6FHQ3AV31,"BROOKLYN ARTS COUNCIL, INC",20 JAY ST STE 616,BROOKLYN,11201,BK0202,matched to NTA
N9MLQNLBYAE5,FOLKSBIENE YIDDISH THEATRE INC,36 BATTERY PL,NEW YORK,10280,UNMAPPED,Census address unmatched
NA96GD94NJQ6,TALEA ENSEMBLE INCORPORATED,500 EIGHTH AVE,NEW YORK,10018,MN0502,matched to NTA
NAC9GBSB1SN6,NEW MUSEUM OF CONTEMPORY ART,235 BOWERY,NEW YORK,10002,MN0302,matched to NTA
NAXPMRU4WNC4,"LAYERHYTHM PRODUCTIONS, INC.",320 E 25TH STREET  4BB,NEW YORK,10010,MN0603,matched to NTA
NBY1GJNZ6X97,IMANI WINDS FOUNDATION INC,123 W 128TH ST,NEW YORK,10027,MN1002,matched to NTA
NCUJKWE5MDT5,GINA GIBNEY DANCE INC,890 BROADWAY,NEW YORK,10003,MN0501,matched to NTA
NDNMXJ4YQEY7,THE JAZZ DRAMA PROGRAM,5030 BROADWAY STE 651,NEW YORK,10034,MN1203,matched to NTA
NE91TVZQR3U5,"THE NEW HERITAGE THEATRE GROUP, INC.",229 W 135TH ST FL 1,,10030,MN1002,matched to NTA
NFDEECGCALJ8,"C.S.C. REPERTORY, LTD.",136 E 13TH ST,NEW YORK,10003,MN0303,matched to NTA
NGFCTVBLCZZ7,"BOWERY ARTS AND SCIENCE, LTD.",310 BOWERY,NEW YORK,10012,MN0202,matched to NTA
NGKPZ26B5UV5,HIP-HOP THEATER FESTIVAL INC,215 E 99TH ST BASEMENT,NEW YORK,10029,MN1101,matched to NTA
NHEVNB6K1CY8,WOOSTER GROUP INC,33 WOOSTER ST,NEW YORK,10013,MN0201,matched to NTA
NJJJHPMTNNS4,DESIGN TRUST FOR PUBLIC SPACE INC,40 WORTH ST RM 603,NEW YORK,10013,MN0102,matched to NTA
NJY4B4C9FMJ9,"THE ART COUNCIL, INC.",45 MAIN ST STE 515,BROOKLYN,11201,BK0202,matched to NTA
NKCNXMMBGW96,AMERICAN SCANDINAVIAN FOUNDATION INC,58 PARK AVE,NEW YORK,10016,MN0502,matched to NTA
NKJ9ANSLS855,"MANHATTAN CLASS COMPANY, INC.",511 W 52ND ST,NEW YORK,10019,MN0402,matched to NTA
NLLST9XHM9T6,LIVING TRADITIONS INC,315 COLUMBIA ST,BROOKLYN,11231,BK0601,matched to NTA
NLPCNKB8TXX8,"AMERICAN OPERA PROJECTS, INC.",138 S OXFORD ST STE 3B,BROOKLYN,11217,BK0203,matched to NTA
NN9GBEG2A698,ATLANTIC THEATER CO,76 9TH AVE STE 313,NEW YORK,10011,MN0401,matched to NTA
NNEWCFLVC4G1,PESVEBI INC,70 AVENUE O,BROOKLYN,11204,BK1101,matched to NTA
NNWJKWCQYM89,WHAT WILL THE NEIGHBORS SAY INC,854 BUSHWICK AVE # 1R,BROOKLYN,11221,BK0401,matched to NTA
NNZNC19GR5E7,UBW INC,138 S OXFORD ST STE 4B,BROOKLYN,11217,BK0203,matched to NTA
NPN7L7DENV91,RATTAPALLAX INC,330 3RD AVENUE  SUITE 14D,NEW YORK,10010,MN0602,matched to NTA
NPSTHK9746E5,WRITERS GUILD OF AMERICA EAST FOUNDATION INC,250 HUDSON ST,NEW YORK,10013,MN0201,matched to NTA
NQKFAEKQ7LJ6,WENDYS SUBWAY INC,379 BUSHWICK AVE,BROOKLYN,11206,BK0104,matched to NTA
NQTJDC4MSJ81,"SOCIETY FOR THE PRESERVATION OF WEEKSVILLE AND BEDFORD-STUYVESANT HISTORY, THE",158 BUFFALO AVE,BROOKLYN,11213,BK0802,matched to NTA
NRN5ZQWN2KP7,ANONYMOUS ENSEMBLE INC,249 SMITH ST # 109,BROOKLYN,11231,BK0601,matched to NTA
NS2KP7MJDLD3,SLAM THE STREB LAB FOR ACTION,51 N 1ST ST,BROOKLYN,11249,BK0102,matched to NTA
NS7VE3MCSQ81,MASTERVOICES INC.,57 W 57TH ST FL 3 STE 324,NEW YORK,10019,MN0502,matched to NTA
NSEQE824AND5,THE ARCHITECTURAL LEAGUE OF NEW YORK,594 BROADWAY STE 607,NEW YORK,10012,MN0201,matched to NTA
NU6NYLWFDK11,"ARTTABLE, INC",1 E 53RD ST,NEW YORK,10022,MN0502,matched to NTA
NX4MS3Z968A7,THE BRONX COUNCIL ON THE ARTS INC,2700 E TREMONT AVE,BRONX,10461,BX1001,matched to NTA
NX9PXMKW5KW8,NEW YORK UNIVERSITY,70 WASHINGTON SQ S,NEW YORK,10012,MN0202,matched to NTA
NXAYMM9B9MU9,METROPOLITAN OPERA GUILD,70 LINCOLN CENTER PLZ,NEW YORK,10023,MN0701,matched to NTA
NXKALBEN1LH3,ALLIANCE FOR YOUNG ARTISTS & WRITERS INC,557 BROADWAY,NEW YORK,10012,MN0201,matched to NTA
NXPMX8AJH7U1,WE STAY-NOS QUEDAMOS INC,754 MELROSE AVE,BRONX,10451,BX0102,matched to NTA
P1FGJMFT6DM1,CHAMBER MUSIC AMERICA INC,12 W 32ND ST FL 7,NEW YORK,10001,MN0501,matched to NTA
P23LCA688353,"JAMAICA CENTER FOR ARTS AND LEARNING, INC.",161-04 JAMAICA AVE,JAMAICA,11432,QN1201,matched to NTA
P45SNKUKBG56,TRANSPORT GROUP INC,520 8TH AVE,NEW YORK,10018,MN0502,matched to NTA
P4CWJN5DQZH7,"STAGE DIRECTORS AND CHOREOGRAPHERS WORKSHOP FOUNDATION, INC",321 W 44TH ST STE 804,NEW YORK,10036,MN0402,matched to NTA
P4PGL9TDRKP3,FREE ARTS FOR ABUSED CHILDREN OF NEW YOR,1431 BROADWAY FL 7,NEW YORK,10018,MN0502,matched to NTA
P5NJYM14A6J6,"ACADEMY OF AMERICAN POETS, INCORPORATED",75 MAIDEN LN,NEW YORK,10038,MN0101,matched to NTA
P88EW14QFWN4,"CUMBE: CENTER FOR AFRICAN AND DIASPORA DANCE, INC",1368 FULTON ST,BROOKLYN,11216,BK0301,matched to NTA
P8K4FYLJZAK8,GENSPACE NYC,140 32ND ST,BROOKLYN,11232,BK0702,matched to NTA
P9J5PNZFD7N4,THE MERCANTILE LIBRARY ASSOCIATION OF THE CITY OF NEW YORK,15 LAFAYETTE AVE,BROOKLYN,11217,BK0203,matched to NTA
P9M2RNCY9HK7,METROPOLITAN OPERA ASSOCIATION INC,LINCOLN CTR,NEW YORK,10023,UNMAPPED,Census address unmatched
PBRKFJMUKJ24,"THE VIVIAN BEAUMONT THEATER, INC",150 W 65TH ST FRNT 1,NEW YORK,10023,MN0701,matched to NTA
PCEPPYRJSEU9,"THE HARLEM SCHOOL OF THE ARTS, INC.",645 SAINT NICHOLAS AVE,NEW YORK,10030,MN0903,matched to NTA
PCJPBEAAH8V1,"VOLUNTEER LAWYERS FOR THE ARTS, INC.",729 7TH AVE STE 1401,NEW YORK,10019,MN0502,matched to NTA
PH6EQK7FGZW9,"THE WOMEN'S PROJECT AND PRODUCTIONS, INC.",55 W END AVE,NEW YORK,10023,MN0701,matched to NTA
PHY6N6HEDC69,"EARL MOSLEY'S DIVERSITY OF DANCE, INC.",201 EASTERN PKWY APT 4K,BROOKLYN,11238,BK0801,matched to NTA
PJQBZ4TNTMH7,BROOKLYN CHILDREN'S MUSEUM CORPORATION,145 BROOKLYN AVE,BROOKLYN,11213,BK0802,matched to NTA
PKXGH34M49S3,RAGA MASSIVE INC,698 DEAN ST,BROOKLYN,11238,BK0801,matched to NTA
PM3DZFZDWWA4,HARMONY PROJECT HUDSON INC,35 E 20TH ST # 2,NEW YORK,10003,MN0501,matched to NTA
PMJYMJ3DSJ75,"ARCHIPELAGO BOOKS, INC",232 THIRD ST #A111,BROOKLYN,11215,BK0601,matched to NTA
PNUKCE9UM7T5,CUE ART FOUNDATION,137 W 25TH ST,NEW YORK,10001,MN0401,matched to NTA
PNVPELZLNVE5,ID STUDIO THEATER PERFORM,311 E 140TH ST,BRONX,10454,BX0101,matched to NTA
PP3DLHVSUPU8,"AUBIN PICTURES, INC,.",138 GRAND ST 5WR,NEW YORK,10013,MN0201,matched to NTA
PP4PPQJG48A6,DOVA INC,260 W BROADWAY,NEW YORK,10013,MN0102,matched to NTA
PPVTJ8YJJ5J3,PEOPLES THEATRE PROJECT INC,5030 BROADWAY,NEW YORK,10034,MN1203,matched to NTA
PQ8UW2QTKW21,"CIVITELLA RANIERI FOUNDATION, INC.",28 HUBERT ST,,10013,MN0102,matched to NTA
PRLZLBB9F124,"THE AUTHORS GUILD FOUNDATION, INC.",31 E 32ND ST RM 901,NEW YORK,10016,MN0501,matched to NTA
PVN2AL4VJJM8,URBAN WORD NYC,5 W 19TH ST,NEW YORK,10011,MN0501,matched to NTA
PWV8N1M4FAJ3,THEATRE FOR NEW CITY FOUNDATION INC,155 1ST AVE,NEW YORK,10003,MN0303,matched to NTA
PYTZAM1J7N38,"HEDGEPIG ENSEMBLE THEATRE, INC.",518 EASTERN PKWY APT 3R,BROOKLYN,11225,BK0901,matched to NTA
PZ4YMBZJ2AE3,FRESHKILLSPARK ALLIANCE INC,100 GOLD ST,NEW YORK,10038,MN0101,matched to NTA
Q35JK97RDLM4,STUDIO IN A SCHOOL ASSOCIATION INC,410 W 59TH ST,NEW YORK,10019,MN0701,matched to NTA
Q3MMJA51MJ78,GROOVE WITH ME INC,186 E 123RD ST,NEW YORK,10035,MN1102,matched to NTA
Q6SDB1GLDYE5,"INTERTWINE ARTS, INC",532 E. 87TH ST,NEW YORK,10128,MN0803,matched to NTA
QA2TC5UMCMM6,INDEPENDENT FEATURE PROJECT INC,55 WASHINGTON ST,BROOKLYN,11201,BK0202,matched to NTA
QAJTM54XC7G3,"PRIMARY INFORMATION, INC.",232 3RD ST STE A113,BROOKLYN,11215,BK0601,matched to NTA
QAYLA33SLVR4,"THE HARLEM CHAMBERS PLAYERS, INC.",279 W 117TH ST APT 5E,NEW YORK,10026,MN1001,matched to NTA
QCKWMMK53GJ8,IRT THEATER INC.,154 CHRISTOPHER ST STE 3B,NEW YORK,10014,MN0203,matched to NTA
QD25FELMRUN7,NEW 42ND STREET INC,229 W 42ND ST FL 10,NEW YORK,10036,MN0502,matched to NTA
QD3BU836BR33,"EL PUENTE DE WILLIAMSBURG, INC.",211 S 4TH ST,BROOKLYN,11211,BK0102,matched to NTA
QDBBJK2YJMV9,TRISHA BROWN CO INC,315 W 39TH ST RM 908,NEW YORK,10018,MN0402,matched to NTA
QEHNQKN5K4L1,LA MAMA EXPERIMENTAL THEATRE CLUB INC,74A E 4TH ST,NEW YORK,10003,MN0303,matched to NTA
QKGML53KEZK9,INTERNATIONAL CONTEMPORARY ENSEMBLE FOUNDATION INC.,4306 3RD AVE FOURTH FL,BROOKLYN,11232,BK0702,matched to NTA
QM47WJKM9PS7,ENSEMBLE FOR THE ROMANTIC CENTURY INC.,24 E 82ND ST #3C,NEW YORK,10028,MN0802,matched to NTA
QN4RPBNE15M1,"CAVE CANEM FOUNDATION, INC.",20 JAY ST STE 310-A,BROOKLYN,11201,BK0202,matched to NTA
QNCANF2TNER9,DESSOFF CHOIRS INC,122 E 88TH ST APT 5N,NEW YORK,10128,MN0802,matched to NTA
QNF7HLC9Y8N7,HENRY STREET SETTLEMENT,265 HENRY ST,NEW YORK,10002,MN0302,matched to NTA
QR1LQ18LDQM5,"SITI COMPANY, THE",520 8TH AVE STE 310,NEW YORK,10018,MN0502,matched to NTA
QRQLL5DMKPJ6,"SHE NYC ARTS, INC",178 FREEMAN ST,BROOKLYN,11222,BK0101,matched to NTA
QT44GMUR5D95,SOLOMON R GUGGENHEIM FOUNDATION,1071 5TH AVE,NEW YORK,10128,MN0802,matched to NTA
QTKAGB6DXBV4,NATURALLY OCCURRING CULTURAL DISTRICTS NY INC,88 PROSPECT PARK W APT 3D,BROOKLYN,11215,BK0602,matched to NTA
QTLHEJKNWTP6,CROSS PERFORMANCE INC,140 2ND AVE.  STE 502,NEW YORK,10003,MN0303,matched to NTA
QVW9TFAZJFE7,RESEARCH FOUNDATION OF THE CITY UNIVERSITY OF NEW YORK,365 5TH AVE,NEW YORK,10016,MN0501,matched to NTA
QW53KEYFM543,"WORTHLESS FOUNDATION, INC.",7 KNICKERBOCKER AVE,BROOKLYN,11237,BK0104,matched to NTA
QWGSM6KLHRC8,THEATER BREAKING THROUGH BARRIERS CORPORATION,400 W 43RD ST APT 43R,NEW YORK,10036,MN0402,matched to NTA
QWJHD2N2J138,NOW ENSEMBLE INC,303 MERCER ST,NEW YORK,10003,MN0202,matched to NTA
QXMAVT1KL4C4,HOME FOR CONTEMPORARY THEATRE & ART LTD.,145 AVENUE OF THE AMERICAS STE 1B,NEW YORK,10013,MN0201,matched to NTA
R1G7ALDYYT55,OPEN HOUSE NEW YORK INC.,150 VARICK ST FL 5,NEW YORK,10013,MN0201,matched to NTA
R68YPB1GN9Y9,INTERNATIONAL SOCIETY FOR THE PERFORMING ARTS FOUNDATION,305 7TH AVE STE 213,NEW YORK,10001,MN0501,matched to NTA
R786QUDMCRE4,THE IN(HEIR)ITANCE PROJECT LTD.,352 W 117TH ST,NEW YORK,10026,MN1001,matched to NTA
RB94XBPMJPM9,HOUSES ON THE MOON THEATER COMPANY,2 TUDOR CITY PL APT 11EN,,10017,MN0603,matched to NTA
RBZRJ3NJDLT7,"THE YORK THEATRE COMPANY, INC",619 LEXINGTON AVE,NEW YORK,10022,MN0604,matched to NTA
RDAMZRPZTNL3,GROUNDSWELL COMMUNITY MURAL PROJECT INC,540 PRESIDENT ST STE 1A,BROOKLYN,11215,BK0601,matched to NTA
RF35Z8UM6SB5,"MUSIC AT THE ANTHOLOGY, INC.",260 WEST BROADWAY,NEW YORK,10013,MN0102,matched to NTA
RFJKC5XNAX93,"NEW YORK CITY OPERA, INC",142 W 57TH ST FL 11,NEW YORK,10019,MN0502,matched to NTA
RJPRY7VE5AD8,"THEATRE NOW NEW YORK, INC.",520 8TH AVE RM 305,NEW YORK,10018,MN0502,matched to NTA
RK4SDRKT1H96,NEW YORK POPS INC,39 BROADWAY RM 1150,NEW YORK,10006,MN0101,matched to NTA
RLEMQPFH42J8,COMMUNITY-WORD PROJECT INC,11 BROADWAY,NEW YORK,10004,MN0101,matched to NTA
RLXMLBUNBXB6,EDUCATIONAL VIDEO CENTER INC,16 CLARKSON STREET #401,NEW YORK,10014,MN0203,matched to NTA
RN2PJ5H5LCJ7,AN CLAIDHEAMH SOLUIS INC,553 W 51ST ST,NEW YORK,10019,MN0402,matched to NTA
RRZFS5QEXR59,THE BUILDERS ASSOCIATION INC,200 6TH ST STE 3A,BROOKLYN,11215,BK0601,matched to NTA
RVJHLM4X7KK3,CITY PARKS FOUNDATION,830 FIFTH AVE,NEW YORK,10065,MN0802,matched to NTA
RWW4VUCE61Q9,"ORTEGA Y GASSET PROJECTS, INC",363 3RD AVE,BROOKLYN,11215,BK0601,matched to NTA
S1CAGVFBEER3,WAVE HILL INCORPORATED,675 W 252ND ST,BRONX,10471,BX0803,matched to NTA
S2GVPL34G756,MILLENNIUM FILM WORK SHOP INC,167 WILSON AVE,BROOKLYN,11237,BK0401,matched to NTA
S3G1J8LSAJJ3,"ART BEYOND SIGHT, INC.",589 BROADWAY STE 301,NEW YORK,10012,MN0201,matched to NTA
S47VGSJ29786,CANOPY CANOPY CANOPY INC,264 CANAL ST STE 3W,NEW YORK,10013,MN0102,matched to NTA
S5KEVXMY2V34,BADENYA INC,3721 79TH ST,JACKSON HEIGHTS,11372,QN0301,matched to NTA
S89HCDGFAEQ4,"NATIONAL BOOK FOUNDATION, INC",90 BROAD ST,NEW YORK,10004,MN0101,matched to NTA
S8S4FTD8F274,OPERA ON TAP,190 OCEAN PKWY # 3,BROOKLYN,11218,BK1203,matched to NTA
SAPQK6EHUMV5,"CINEMA TROPICAL, INC.",611 BROADWAY #836,NEW YORK,10012,MN0202,matched to NTA
SBSZKLP6LA87,"CENTER FOR BOOK ARTS, INCORPORATED 1974",28 W 27TH ST FL 3,NEW YORK,10001,MN0501,matched to NTA
SCAPXP5SRNQ4,KEEP RISING TO THE TOP INC.,119 E 102ND ST STE 5B,NEW YORK,10029,MN1101,matched to NTA
SCJ3PRNV4SK8,TRIANGLE ARTS ASSOCIATION LIMITED,20 JAY ST STE 318,BROOKLYN,11201,BK0202,matched to NTA
SE4FUBLULHS7,INTERNATIONAL PRINT CENTER NEW YORK,535 W 24TH ST,NEW YORK,10011,MN0401,matched to NTA
SG2BLLNNV4S7,THE GENERATIONS PROJECT INC,31 W 34TH ST,NEW YORK,10001,MN0501,matched to NTA
SH39NEVDNN13,TOPICAL CREAM INC,182 LAFAYETTE ST FL 2,NEW YORK,10013,MN0201,matched to NTA
SJJ6NVMQ7CS5,"DEVELOPING ARTISTS THEATER COMPANY, INC.",12 5TH AVE,NEW YORK,10011,MN0202,matched to NTA
SJMLGGVW8MJ1,"FOUR WAY BOOKS, INC.",11 JAY ST 4TH FLR,NEW YORK,10013,MN0102,matched to NTA
SM13JGVJLJA7,ENCOMPASS NEW OPERA THEATRE,138 S OXFORD ST STE 1A,BROOKLYN,11217,BK0203,matched to NTA
SMFTKANL5S34,POWRPLNT INC.,562 EVERGREEN AVE,BROOKLYN,11221,BK0402,matched to NTA
SNZKCDCYC6E4,YOUNG PEOPLE'S CHORUS OF NEW YORK CITY INC,37 W 65TH ST,NEW YORK,10023,MN0701,matched to NTA
SSLAH9T6H727,BRONX MUSEUM OF ARTS,1040 GRAND CONCOURSE,BRONX,10456,BX0401,matched to NTA
STGAZ2KCKY47,THE TANK LTD,312 W 36TH ST RM 1F,NEW YORK,10018,MN0401,matched to NTA
SVZSJHR2A4T6,NEW YORK INSTITUTE OF TECHNOLOGY,1855 BROADWAY,NEW YORK,10023,MN0701,matched to NTA
SXV4K8JJ7UD7,"PAUL TAYLOR DANCE FOUNDATION, INC.",551 GRAND ST LBBY A,NEW YORK,10002,MN0302,matched to NTA
SZX3FC7GLWV5,CHAMBERQUEER INC,1701 ALBEMARLE RD,BROOKLYN,11226,BK1401,matched to NTA
T1NYLGAAHLX5,BRONX CHILDRENS MUSEUM,725 EXTERIOR ST,BRONX,10451,UNMAPPED,Census address unmatched
T2H8HGJMKUT1,"LAMBDA LITERARY FOUNDATION, THE",520 8TH AVE STE 2200,NEW YORK,10018,MN0502,matched to NTA
T4ZKXG4K3JK7,WORLD MUSIC INSTITUTE INC,68 JAY ST STE 201,BROOKLYN,11201,BK0202,matched to NTA
T63ZJ9NEJKR9,UNIVERSITY SETTLEMENT SOCIETY OF NEW YORK,184 ELDRIDGE ST,NEW YORK,10002,MN0302,matched to NTA
T7DGBLYANKM3,TIMES SQUARE DISTRICT MANAGEMENT ASSOCIATION INC,1560 BROADWAY STE 800,NEW YORK,10036,MN0502,matched to NTA
T8HDM77G2453,FRIENDS OF ALICE AUSTEN HOUSE INC,2 HYLAN BLVD,STATEN ISLAND,10305,SI0103,matched to NTA
T8L2JUCMKC69,CREATIVE TIME INC,59 E 4TH ST STE 6E,NEW YORK,10003,MN0303,matched to NTA
TBVJE8EJJ366,BRONX DOCUMENTARY CENTER,614 COURTLANDT AVE,BRONX,10451,BX0102,matched to NTA
TEBVVNY53WP1,"CREATE IN CHINATOWN, INC.",231 W 29TH ST RM 602,NEW YORK,10001,MN0501,matched to NTA
TGU8AMYAFE61,CIRCUSENSE  INC.,423 ATLANTIC AVE,BROOKLYN,11217,BK0202,matched to NTA
TGYVS6F9UZX4,SPIDERWOMAN THEATRE WORKSHOP INC,333 DEGRAW ST,BROOKLYN,11231,BK0601,matched to NTA
THP6T4RHUGG7,MAYSLES FILM INSTITUTE,343 MALCOLM X BLVD,NEW YORK,10027,MN1002,matched to NTA
TK6JJDD94K98,"BETH MORRISON PROJECTS, INC.",138 S OXFORD ST STE 1C,BROOKLYN,11217,BK0203,matched to NTA
TKK1ESMYMDF8,"SHED NYC, INC.",545 W 30TH ST,NEW YORK,10001,MN0401,matched to NTA
TM2XWA9P3B55,NEW YORK PUBLIC LIBRARY,5TH AVE & 42ND ST,NEW YORK,10018,MN0502,matched to NTA
TME7WQZZS794,PUBLIC POLICY LAB,20 JAY ST STE 203,BROOKLYN,11201,BK0202,matched to NTA
TN2HJPDGVD76,CATAPULT DESIGN,19 MORRIS AVE,BROOKLYN,11205,BK0261,matched to NTA
TNHKJG79ANG3,PALEY CENTER FOR MEDIA,25 W 52ND ST,NEW YORK,10019,MN0502,matched to NTA
TRX5R9CVN7J3,"THE MAMA FOUNDATION FOR ARTS, INC.",149 W 126TH ST,NEW YORK,10027,MN1002,matched to NTA
TSMNHANE2N74,"OUR STEPS, INC.",217 LAFAYETTE AVE APT 1,BROOKLYN,11238,BK0204,matched to NTA
TUGYD6LNW9J3,"ART 21, INC.",231 W 29TH ST RM 706,NEW YORK,10001,MN0501,matched to NTA
TVZDN4DZLRL4,"PACHAMAMA PERUVIAN ARTS, INC",32 BROADWAY STE 1314,NEW YORK,10004,MN0101,matched to NTA
TWB6XBRCDKF4,MUSICAL THEATRE FACTORY INC.,440 LAFAYETTE ST 4TH FLOOR,NEW YORK,10003,MN0202,matched to NTA
TWZMQFZLENW7,"ETHER SEA PROJECTS, INC.",925 BERGEN ST STE 405,BROOKLYN,11238,BK0802,matched to NTA
TZRVRA8ZJJA6,NEW YORK PUBLIC RADIO,160 VARICK ST FL 7,NEW YORK,10013,MN0201,matched to NTA
TZUJKRTD9C54,BRIC ARTS MEDIA BKLYN INC,647 FULTON ST 2ND FL,BROOKLYN,11217,BK0203,matched to NTA
U1FDB9EL24G1,NEW YORK INTERNATIONAL CHILDREN'S FILM FESTIVAL INC.,225 BROADWAY STE 2730,NEW YORK,10007,MN0102,matched to NTA
U2EKNEZLNN75,THE BROADWAY DANCE LAB INC,433 W 34TH ST,NEW YORK,10001,MN0401,matched to NTA
U3YHD4NKL4S7,NOTCH THEATRE CO,226 E 27TH ST APT 5A,NEW YORK,10016,MN0603,matched to NTA
U64FN8N6Q617,URBAN MANUFACTURING ALLIANCE INC,608 HENRY ST,BROOKLYN,11231,BK0601,matched to NTA
U9QMWSKLCLW7,THE MIDTOWN MANAGEMENT GROUP INC,630 9TH AVE STE 802,NEW YORK,10036,MN0402,matched to NTA
UB5SSBK91G76,"THALIA SPANISH THEATRE, INC.",4117 GREENPOINT AVE,SUNNYSIDE,11104,QN0202,matched to NTA
UDXZTAAB62U3,LITERARY MANAGERS & DRAMATURGS OF THE AMERICAS,357 SMITH ST #3L,BROOKLYN,11231,BK0601,matched to NTA
UL7WQ6GTFX71,"BCT BROOKLYN CHILDREN'S THEATRE, INC",540 PRESIDENT ST STE 1D,BROOKLYN,11215,BK0601,matched to NTA
ULPERKC4GL81,"BROOKLYN YOUTH CHORUS ACADEMY, INC.",179 PACIFIC ST,BROOKLYN,11201,BK0601,matched to NTA
UMU5VKDYGLQ3,"REDHAWK INDIAN ARTS COUNCIL, INC.",1022 39TH ST,BROOKLYN,11219,BK1201,matched to NTA
UMULZA9Q1M37,"SCHOOL OF AMERICAN BALLET, INC.",70 LINCOLN CENTER PLZ FRNT 6,NEW YORK,10023,MN0701,matched to NTA
UMXFKTGJC8L4,DORRANCE DANCE INCORPORATED,5 W 37TH ST FL 6,NEW YORK,10018,MN0502,matched to NTA
UNSKFTUAQEC4,"NEW YORK WOMEN IN FILM & TELEVISION, INC.",79-10 34TH AVE,JACKSON HEIGHTS,11372,QN0301,matched to NTA
UQAQBBF43K81,"PIPELINE THEATRE COMPANY, INC.",118 W 72ND ST,NEW YORK,10023,MN0701,matched to NTA
UQMNZ2MC5VC3,"URBAN HEALTH PLAN, INC",1065 SOUTHERN BLVD,BRONX,10459,BX0202,matched to NTA
URAJAG4EF5Q9,EARTH CELEBRATIONS  INC.,638 EAST 6TH STREET,NEW YORK,10009,MN0303,matched to NTA
UU6TFDMBJFE3,"NATIONAL ASIAN AMERICAN THEATRE COMPANY, INC.",520 8TH AVE STE 308,NEW YORK,10018,MN0502,matched to NTA
UUNGQFJG6ZH8,ACTORS THEATRE WORKSHOP,145 W 28TH ST FL 3,NEW YORK,10001,MN0501,matched to NTA
UXDAU1L5M7F9,FIRELIGHT MEDIA INC,72 HAMILTON TER,NEW YORK,10031,MN0903,matched to NTA
V1GMKSKTGCX1,TAMIZDAT INC,20 JAY ST STE 402,BROOKLYN,11201,BK0202,matched to NTA
V5AAGKZPHZT3,HARVESTWORKS INC,596 BROADWAY,NEW YORK,10012,MN0201,matched to NTA
V9WRA7HHMDE6,"BROOKLYN FILMSHOP, INC THE",104 SULLIVAN ST APT 14,NEW YORK,10012,MN0201,matched to NTA
VABSPZWLPAH3,"THE EYEBEAM ATELIER, INC.",185 WYTHE AVE OFC F1,BROOKLYN,11249,BK0102,matched to NTA
VAX6NLUGRLM5,THEATRE LABRADOR INC,222 BROADWAY,NEW YORK,10038,MN0101,matched to NTA
VBUCJ177MPP9,PAN ASIAN REPERTORY THEATER INC,520 8TH AVE RM 314,NEW YORK,10018,MN0502,matched to NTA
VEKJMLB1HJ95,NY WRITERS COALITION INC.,80 HANSON PL,BROOKLYN,11217,BK0203,matched to NTA
VFZ3S96PE136,"A PUBLIC SPACE LITERARY PROJECTS, INC.",601 E 20TH ST APT 8E,NEW YORK,10010,MN0601,matched to NTA
VG4KZ596E1Q3,"AMERICAN SYMPHONY ORCHESTRA, INC",461 FORT WASHINGTON AVE APT 42,NEW YORK,10033,MN1202,matched to NTA
VJ8NWGQ3FGK5,"NOCHE FLAMENCA, INC.",168 W 86TH ST 9A,NEW YORK,10024,MN0702,matched to NTA
VJNMBDJZ8Y26,"WORLD MUSIC PRODUCTIONS, INC.",463 LINCOLN PL,BROOKLYN,11238,BK0802,matched to NTA
VKEYA7ARE2R9,THEATRE DEVELOPMENT FUND,520 8TH AVE STE 801,NEW YORK,10018,MN0502,matched to NTA
VKEZXK2FZGB9,THE AMERICAN DOCUMENTARY INC.,20 JAY ST  SUITE 940,BROOKLYN,11201,BK0202,matched to NTA
VKWEYWMLXDJ1,"CORA, INCORPORATED",358 VAN BRUNT STREET,BROOKLYN,11231,BK0601,matched to NTA
VL8BC599UUJ9,"AMERICAN THEATRE WING, INC.",230 W 41ST ST STE 1101,NEW YORK,10036,MN0502,matched to NTA
VLKFL7DFGNV3,WIDEMAN DAVIS DANCE OF NEW YORK INC.,604 RIVERSIDE DR. APT 6C,NEW YORK,10031,MN0902,matched to NTA
VLKLPYLHDAC9,THE THEATRE OF THE EMERGING AMERICAN MOMENT INC,138 S OXFORD ST STE 1C,BROOKLYN,11217,BK0203,matched to NTA
VQPSL49VKP57,MOVEMENT RESEARCH INC,150 1ST AVE,NEW YORK,10009,MN0303,matched to NTA
VSUQE5YUDKN8,WOMEN MAKE MOVIES,115 W 29TH ST RM 1200,NEW YORK,10001,MN0501,matched to NTA
VUMGSTT3TQS4,PARSONS DANCE FOUNDATION INC,124 E 91ST ST,NEW YORK,10128,MN0802,matched to NTA
VX1NXRDBM9W8,WET INK MUSIC PRODUCTIONS INC,2352 37TH ST APT 2L,ASTORIA,11105,QN0101,matched to NTA
VYN7RXNEW6D4,"ILAND, INC.",140 2ND AVE,NEW YORK,10003,MN0303,matched to NTA
W21FJPTN8R73,DOWNTOWN COMMUNITY TELEVISION CENTER INC,87 LAFAYETTE ST,NEW YORK,10013,MN0102,matched to NTA
W32NQ178UT44,BIODESIGN CHALLENGE INC,282 11TH AVE APT 2307,NEW YORK,10001,MN0401,matched to NTA
W52YJ1LJ5RT9,COUNCIL ON THE ARTS AND HUMANITIES FOR STATEN ISLAND,1 FERRY TERMINAL DR STE 10,STATEN ISLAND,10301,UNMAPPED,Census address unmatched
W5GCUT79X5Z6,LA DONNA DANCE INC,140 2ND AVE STE 501,NEW YORK,10003,MN0303,matched to NTA
W6LPGC2MTA54,"ELECTRONIC ARTS INTERMIX, INC",264 CANAL ST STE 3W,NEW YORK,10013,MN0102,matched to NTA
W7CJQX5NLNN5,"TEATRO CIRCULO, LTD.",64 E 4TH ST FL 3,NEW YORK,10003,MN0303,matched to NTA
W82MKXK47JK7,NEW YORK STAGE & FIL,214 W 29TH ST RM 1001,NEW YORK,10001,MN0501,matched to NTA
WAMWTCNKM2K7,NARS FOUNDATION INC,201 46TH ST FL 4,BROOKLYN,11220,BK0702,matched to NTA
WGU8UMKYALL1,FIST & HEEL PERFORMANCE GROUP INC,476 DEAN ST,BROOKLYN,11217,BK0602,matched to NTA
WH3PLGNFNZR3,"CENTER FOR TRADITIONAL MUSIC AND DANCE, INC",32 BROADWAY STE 1314,NEW YORK,10004,MN0101,matched to NTA
WJGCQ1RCEJF6,KWELI JOURNAL INC,334 E 73RD ST APT 5C,NEW YORK,10021,MN0801,matched to NTA
WKZADZAW98C8,BROOKLYN INSTITUTE OF ARTS AND SCIENCES,200 EASTERN PKWY,BROOKLYN,11238,BK0901,matched to NTA
WKZBEG13ARG3,THEATER MITU INC,580 SACKETT ST,BROOKLYN,11217,BK0601,matched to NTA
WN74GVSSZY81,CONCERTS IN MOTION INC,729 7TH AVE,NEW YORK,10019,MN0502,matched to NTA
WNEHJL1ZP3V1,"CHASHAMA, INC.",201 E 42ND ST,NEW YORK,10017,MN0603,matched to NTA
WQWWDNTP21Y1,ART START INCORPORATED,526 W 26TH ST,NEW YORK,10001,MN0401,matched to NTA
WRQDLWM8SSM5,"FEMINIST PRESS, INC.",365 5TH AVE STE 5406,NEW YORK,10016,MN0501,matched to NTA
WU9XAJHN1HE7,ASIA SOCIETY,725 PARK AVE,NEW YORK,10021,MN0802,matched to NTA
WUZVNN6M4B55,SOHO REPERTORY THEATRE INC,401 BROADWAY,NEW YORK,10013,MN0102,matched to NTA
WV7PWGL2LK53,INSTITUTE FOR PUBLIC ARCHITECTURE INC,45 E 20TH ST,NEW YORK,10003,MN0501,matched to NTA
WVNMPB2AB5M9,"ONE STORY, INC.",232 3RD ST STE A108,BROOKLYN,11215,BK0601,matched to NTA
WZFKMEMFWYY7,TRUSTY SIDEKICK THEATER CO INC,1 PENN PLZ,NEW YORK,10119,UNMAPPED,Census address unmatched
X3VHGUMVK9W6,"JEWISH COMMUNITY CENTER IN MANHATTAN, INC THE",334 AMSTERDAM AVE,NEW YORK,10023,MN0702,matched to NTA
X4JRUJXJCUR5,"DYNAMIC FORMS, INC.",107 SUFFOLK ST STE 310,NEW YORK,10002,MN0302,matched to NTA
X5HWGTM85UL1,NEW YORK YOUTH SYMPHONY INC,110 W 40TH ST STE 1503,NEW YORK,10018,MN0502,matched to NTA
X9JYBUX1G7A8,WRIGHT-INGRAHAM INSTITUTE,659 CARROLL ST APT 2,BROOKLYN,11215,BK0602,matched to NTA
XAQLNCJ91GR3,DOING ART TOGETHER INC,127 WEST 127TH STREET,NEW YORK,10027,MN1002,matched to NTA
XAYNJHNQAXR4,"INWOOD ART WORKS, INC.",97 PARK TER W,,10034,MN1203,matched to NTA
XC22C6F6DM97,SUGAR HILL CHILDRENS MUSEUM OF ART & STORYTELLING,898 ST. NICHOLAS AVENUE,NEW YORK,10032,MN1201,matched to NTA
XHPGCRNATWY5,AMERICAS SOCIETY INC.,680 PARK AVE,NEW YORK,10065,MN0802,matched to NTA
XJFBMN62W5Y3,WORKING THEATRE CO INC THE,520 8TH AVE RM 303,NEW YORK,10018,MN0502,matched to NTA
XJNDMKTZLAQ4,"ASIAN AMERICAN ARTS ALLIANCE, INC.",20 JAY ST STE 740,BROOKLYN,11201,BK0202,matched to NTA
XK8TLV4XURJ4,"FOURTH ARTS BLOCK, INC",61 E 4TH ST,NEW YORK,10003,MN0303,matched to NTA
XKSTJME4DU14,STATEN ISLAND INSTITUTE OF ARTS AND SCIENCE,1000 RICHMOND TER STE 1,STATEN ISLAND,10301,SI0191,matched to NTA
XL7JEMRKLVB8,BROOKLYN BALLET INC,160 SCHERMERHORN ST,BROOKLYN,11201,BK0202,matched to NTA
XL9NEL44G4R4,THE MUNICIPAL ART SOCIETY OF NEW YORK,488 MADISON AVE FL 19,NEW YORK,10022,MN0502,matched to NTA
XNDYATNWYKF6,"THE JOYCE THEATER FOUNDATION, INC.",175 8TH AVE FRONT,NEW YORK,10011,MN0401,matched to NTA
XRFZYFLTK8W9,EPIC PLAYERS INC,138 S OXFORD ST 3D,BROOKLYN,11217,BK0203,matched to NTA
XSUQNG78YGP1,MUSEUM AT ELDRIDGE STREET,12 ELDRIDGE ST,NEW YORK,10002,MN0301,matched to NTA
XUMWKHFC4QA1,FOUNDATION FOR NEW AMERICAN ART INC,224 E 10TH STREET APT 15,NEW YORK,10003,MN0303,matched to NTA
XURMMWGJJGY3,"MANHATTAN THEATRE CLUB, INC",311 W 43RD ST FL 9,NEW YORK,10036,MN0402,matched to NTA
Y22ZN4YB3F14,SO PERCUSSION INC,20 GRAND AVE,BROOKLYN,11205,BK0203,matched to NTA
Y54UH3GYMF11,"OPERA AMERICA, INC.",330 7TH AVE REAR,NEW YORK,10001,MN0501,matched to NTA
Y86JF5NUJ6Z3,UKRAINIAN CONTEMPORARY MUSIC FESTIVAL INC.,865 ST JOHNS PLACE,BROOKLYN,11216,BK0802,matched to NTA
Y9FPP34NZ5L9,JAZZREACH PERFORMING ART & EDUCATION ASSOCIATION,45 MAIN ST STE 728,BROOKLYN,11201,BK0202,matched to NTA
Y9G2V8SKV1T5,"ALLIANCE OF RESIDENT THEATRES NEW YORK, INC",520 8TH AVE STE 319,NEW YORK,10018,MN0502,matched to NTA
YDARKSNVFJK6,"THE POSSIBILITY PROJECT, INC",104 W 27TH ST 12 FL,NEW YORK,10001,MN0501,matched to NTA
YECRC71FRSL1,CHAMBER MUSIC SOCIETY OF LINCOLN CENTER,70 LINCOLN CENTER PLZ FRNT 2,NEW YORK,10023,MN0701,matched to NTA
YEUEF6DCSWJ5,KUNQU SOCIETY INC,10235 64TH RD,FOREST HILLS,11375,QN0602,matched to NTA
YJW2GJTBGB83,APEX ART CURATORIAL PROGRAM INC,291 CHURCH ST,NEW YORK,10013,MN0102,matched to NTA
YL1MFAQBF6K6,ARTS CONNECTION,520 8TH AVENUE STE 321,NEW YORK,10018,MN0502,matched to NTA
YM4RCPFMDGH8,"SEVENTH REGIMENT ARMORY CONSERVANCY, INC.",643 PARK AVE,NEW YORK,10021,MN0802,matched to NTA
YMGYTYDBUJ48,"ART RESOURCES TRANSFER, INC",526 W 26 ST STE 614,NEW YORK,10001,MN0401,matched to NTA
YMSCTKLKCTT3,"ART2ACTION, INC.",141 E 13TH ST,NEW YORK,10003,MN0303,matched to NTA
YN23P2VJMDK5,"THE MIDORI FOUNDATION, INC",352 SEVENTH AVENUE STE 301,NEW YORK,10001,MN0501,matched to NTA
YNL2H7YNMFP9,THE NEW SCHOOL,66 W 12TH ST,NEW YORK,10011,MN0202,matched to NTA
YNUKT2FJ4K97,"S'COOL SOUNDS, INC.",111 2ND PL,BROOKLYN,11231,BK0601,matched to NTA
YPN9BYA8YUV4,MORBALLET INC,315 W 105TH ST APT 1F,NEW YORK,10025,MN0703,matched to NTA
YR9MYLF3JGY7,CULTURE PUSH INC,241 E 7TH ST,NEW YORK,10009,MN0303,matched to NTA
YRFLG9FUS5Q7,ETHELS FOUNDATION FOR THE ARTS,420 W 47TH ST APT 4D,NEW YORK,10036,MN0402,matched to NTA
YTQ8NTXQ3R93,COOPDANZA INC,202W 107 ST,,10025,MN0703,matched to NTA
YV4WDJUW7PH8,BROADWAY BOUND KIDS INC,630 W 135TH ST APT 3,NEW YORK,10031,MN0902,matched to NTA
YVQXQJDPRNJ1,"VISUAL AIDS FOR THE ARTS, INC.",526 W 26TH ST RM 510,NEW YORK,10001,MN0401,matched to NTA
YXZTHHW1WYT6,NEW YORK HISTORICAL SOCIETY,170 CENTRAL PARK W,NEW YORK,10024,MN0702,matched to NTA
YY7PJG41UB23,ASIA ART ARCHIVE IN AMERICA,23 CRANBERRY ST,BROOKLYN,11201,BK0201,matched to NTA
Z1RDR9V91XG8,CHORAL CHAMELEON INC.,2465 PALISADE AVE,BRONX,10463,BX0803,matched to NTA
Z5KWK5N24S77,AFRICAN VOICES COMMUNICATIONS INC,325 LAFAYETTE AVE STE CF,BROOKLYN,11238,BK0204,matched to NTA
Z5LQE3L4RKH8,FASHION INSTITUTE OF TECHNOLOGY,227 WEST 27TH ST,NEW YORK,10001,MN0501,matched to NTA
Z5QNDUNC9NM9,PIONEER WORKS ART FOUNDATION,159 PIONEER ST,BROOKLYN,11231,BK0601,matched to NTA
Z7XRL3LMLLE3,"MOSTLY MODERN PROJECTS, INC.",400 W 43RD ST APT 39S,NEW YORK,10036,MN0402,matched to NTA
Z9FXRYN8NG24,SPANISH DANCE ARTS CO INC,4 W 43RD ST,NEW YORK,10036,MN0502,matched to NTA
ZALEEG6F54K4,I CANTORI DI NEW YORK INC,20 PINE ST,NEW YORK,10005,MN0101,matched to NTA
ZANHEMLUXCK8,"ISSUE PROJECT ROOM, INC",140 2ND AVE STE 503,NEW YORK,10003,MN0303,matched to NTA
ZAYJAWU3FR94,SPANISH THEATRE REPERTORY CO LTD,138 E 27TH ST,NEW YORK,10016,MN0602,matched to NTA
ZCYFKHUEYCV7,EXPERIMENTS IN OPERA INC,205 23RD ST,BROOKLYN,11232,BK0702,matched to NTA
ZE3WLV2BWXU6,"AFRICAN DIASPORA FILM FESTIVAL, INC.",535 W 110TH ST APT 14B,NEW YORK,10025,MN0901,matched to NTA
ZES8XNEFNCP3,THE NATIONAL JAZZ MUSEUM IN HARLEM,58 WEST 129TH ST,NEW YORK,10027,MN1002,matched to NTA
ZGEWXDHVZPU8,MOVE(NYC) FOUNDATION INC.,2186 5TH AVE,NEW YORK,10037,MN1002,matched to NTA
ZJ42MHC5QMJ8,"BEVERLY WILLIS ARCHITECTURE FOUNDATION, INC.",141 W BROADWAY,NEW YORK,10013,MN0102,matched to NTA
ZKLMCNYSHHZ5,"ROCKAWAY FILM FESTIVAL, INC",152 BEACH 92ND STREET,FAR ROCKAWAY,11693,QN1402,matched to NTA
ZKZSZ43HMH22,"THE DREAMYARD PROJECT, INC.",1085 WASHINGTON AVE FRNT 1,BRONX,10456,BX0301,matched to NTA
ZL1MFD7GMY26,NYCSALT INC,127 W 26TH ST RM 1201,NEW YORK,10001,MN0501,matched to NTA
ZMHUV8BK9LD1,BROKEN BOX MIME THEATER INC,1169 OCEAN AVE APT 5F,BROOKLYN,11230,BK1401,matched to NTA
ZN7LJAQ1JPG5,NATIONAL QUEER THEATER,10 PROSPECT PL,BROOKLYN,11217,BK0602,matched to NTA
ZNDLRCDZGKJ3,"826NYC, INC.",372 5TH AVE,BROOKLYN,11215,BK0602,matched to NTA
ZNFPCKAAQT13,CABORCA INC,431 QUINCY ST APT 1,BROOKLYN,11221,BK0301,matched to NTA
ZQVWPKAHKGK3,TREEHOUSE SHAKERS INC,231 15TH ST,BROOKLYN,11215,BK0602,matched to NTA
ZTETGGX4K747,THE BUSHWICK STARR INC,419 ELDERT ST,BROOKLYN,11237,BK0402,matched to NTA
ZUMMJCCDF832,ROOSEVELT ISLAND CONCERTS INC.,30 RIVER RD APT 18C,NEW YORK,10044,MN0801,matched to NTA
